30,speed,0.0,-0.777413010597229,ang,0.0,-0.21785110235214233,-0.19902795553207397,0.10195355117321014
30,speed,0.0,-0.7195593118667603,ang,0.0,-1.06983482837677,-0.12025932967662811,0.26932236552238464
30,speed,0.0,-0.681351900100708,ang,0.0,-0.7476821541786194,0.041124869138002396,0.1991940438747406
30,speed,0.0,-0.6416109204292297,ang,0.0,-0.6644370555877686,0.04449636861681938,0.18866649270057678
30,speed,0.0,-0.6015133261680603,ang,0.0,-0.016972171142697334,-0.08907023072242737,0.20857225358486176
30,speed,0.0,-0.5670832395553589,ang,0.0,0.6043716073036194,-0.14068178832530975,0.2466183751821518
30,speed,0.0,-0.545237123966217,ang,0.0,-0.07903221994638443,-0.05364014580845833,0.2276977151632309
30,speed,0.0,-0.5344619750976562,ang,0.0,-0.8577898144721985,0.09485666453838348,0.1948143094778061
30,speed,0.0,-0.45064714550971985,ang,0.0,-0.345448762178421,0.6935778856277466,0.11835150420665741
30,speed,0.0,-0.31410953402519226,ang,0.0,-0.11581886559724808,-0.11248169094324112,0.21543481945991516
30,speed,0.0,-0.20706979930400848,ang,0.0,0.08806675672531128,-0.1344960629940033,0.19895684719085693
30,speed,0.0,-0.12411398440599442,ang,0.0,0.08063497394323349,-0.014678597450256348,0.16797761619091034
30,speed,0.0,-0.06199556589126587,ang,0.0,0.0838206484913826,0.033948060125112534,0.15486764907836914
30,speed,0.0,-0.021273788064718246,ang,0.0,0.11391310393810272,0.04868698865175247,0.15279236435890198
30,speed,0.0,0.0028414172120392323,ang,0.0,0.1868770569562912,0.07878085225820541,0.15601660311222076
30,speed,0.0,0.01720040664076805,ang,0.0,0.2904081642627716,0.08355525881052017,0.16247883439064026
30,speed,0.0,0.023397475481033325,ang,0.0,0.2208537459373474,0.11503730714321136,0.15006662905216217
30,speed,0.0,0.025722788646817207,ang,0.0,0.16722440719604492,0.09334433823823929,0.14540229737758636
30,speed,0.0,0.019500097259879112,ang,0.0,0.07602474838495255,0.05252918601036072,0.126123309135437
30,speed,0.0,0.0017430305015295744,ang,0.0,-0.03115338832139969,0.01983696036040783,0.09445782750844955
30,speed,0.0,-0.018588753417134285,ang,0.0,-0.08043450117111206,0.056534044444561005,0.014166474342346191
30,speed,0.0,-0.02037298120558262,ang,0.0,0.08431662619113922,-0.06648888438940048,-0.03951306641101837
30,speed,0.0,-0.026393504813313484,ang,0.0,0.4654757082462311,-0.05004488676786423,-0.06529493629932404
30,speed,0.0,-0.032072972506284714,ang,0.0,0.19891640543937683,0.3213486075401306,-0.08122250437736511
30,speed,0.0,-0.021476328372955322,ang,0.0,-0.006079673767089844,0.25211185216903687,0.007749674841761589
30,speed,0.0,-0.015218853950500488,ang,0.0,-0.31445685029029846,0.12893030047416687,0.026604242622852325
30,speed,0.0,-0.008637881837785244,ang,0.0,-0.11153919249773026,0.06756694614887238,0.036797720938920975
30,speed,0.0,-0.004776423797011375,ang,0.0,-0.10841447860002518,0.01025616005063057,0.03962504491209984
30,speed,0.0,-0.002550216158851981,ang,0.0,-0.057006463408470154,-0.0033455356024205685,0.03782552480697632
30,speed,0.0,-0.00045105404569767416,ang,0.0,-0.04392368718981743,-0.014532865956425667,0.037818580865859985
30,speed,0.0,0.001287427032366395,ang,0.0,0.01035658735781908,-0.011792260222136974,0.040261171758174896
30,speed,0.0,0.002643370069563389,ang,0.0,0.019373968243598938,-0.021861298009753227,0.04522806778550148
30,speed,0.0,0.0034797964617609978,ang,0.0,0.026685252785682678,-0.02052982896566391,0.04741987586021423
30,speed,0.0,0.004255292005836964,ang,0.0,0.04164780303835869,-0.019851814955472946,0.051363393664360046
30,speed,0.0,0.004943877458572388,ang,0.0,0.05240398645401001,-0.017148170620203018,0.054707106202840805
30,speed,0.0,0.00558752054348588,ang,0.0,0.06899473071098328,-0.014254748821258545,0.05816876143217087
30,speed,0.0,0.006178194656968117,ang,0.0,0.08370084315538406,-0.010221898555755615,0.060348030179739
30,speed,1.0,0.007542826700955629,ang,0.0,0.11395538598299026,-0.02117629535496235,0.06822462379932404
30,speed,1.0,0.09623025357723236,ang,0.0,-1.991308569908142,-0.33686667680740356,0.28528451919555664
30,speed,1.0,0.1603855937719345,ang,0.0,-1.4172862768173218,-0.23814915120601654,0.23843786120414734
30,speed,1.0,0.21817424893379211,ang,0.0,-0.9660730957984924,-0.22835078835487366,0.19312499463558197
30,speed,1.0,0.2784905731678009,ang,0.0,-0.6965810656547546,-0.22704677283763885,0.15421922504901886
30,speed,1.0,0.3354376256465912,ang,0.0,-0.8067746162414551,-0.06890958547592163,0.12858429551124573
30,speed,1.0,0.3762730658054352,ang,0.0,-0.6755579113960266,0.24969129264354706,0.05602823197841644
30,speed,1.0,0.4050179123878479,ang,0.0,0.625706672668457,0.18831831216812134,0.09324979782104492
30,speed,1.0,0.4629005193710327,ang,0.0,0.40465691685676575,-0.08527889847755432,-0.0524865947663784
30,speed,1.0,0.5172076225280762,ang,0.0,-0.43006643652915955,-0.2469121217727661,-0.05522117018699646
30,speed,1.0,0.5518525242805481,ang,0.0,-0.3851027488708496,0.49214404821395874,0.04138839244842529
30,speed,1.0,0.623918354511261,ang,0.0,0.027157865464687347,-0.036667350679636,0.184609517455101
30,speed,1.0,0.7059445977210999,ang,0.0,0.5460376143455505,-0.7512221932411194,0.2674999237060547
30,speed,1.0,0.7697751522064209,ang,0.0,0.41480907797813416,-0.3710240125656128,0.2744317352771759
30,speed,1.0,0.8159052729606628,ang,0.0,0.4121043384075165,0.45330142974853516,0.17631669342517853
30,speed,1.0,0.8650071024894714,ang,0.0,0.6961432099342346,0.6710711717605591,-0.0013522636145353317
30,speed,1.0,0.9179496169090271,ang,0.0,0.4542753994464874,0.43682974576950073,-0.031224995851516724
30,speed,1.0,0.9552497863769531,ang,0.0,0.29284340143203735,0.3026447296142578,-0.012151011265814304
30,speed,1.0,0.9717637300491333,ang,0.0,0.024638483300805092,0.22667446732521057,-0.0006370500195771456
30,speed,1.0,0.9737489819526672,ang,0.0,-0.02774367295205593,-0.16172857582569122,0.12779998779296875
30,speed,1.0,0.9278687238693237,ang,0.0,0.974561870098114,0.270851731300354,0.1286422163248062
30,speed,1.0,0.9642062187194824,ang,0.0,0.8619929552078247,-0.44373443722724915,2.3384985979646444e-05
30,speed,1.0,0.9845859408378601,ang,0.0,0.07476601749658585,-0.21551717817783356,-0.08863061666488647
30,speed,1.0,0.9942660331726074,ang,0.0,-0.40016594529151917,-0.21905340254306793,-0.07291875034570694
30,speed,1.0,0.9699682593345642,ang,0.0,0.21027277410030365,0.2960854768753052,0.002934152726083994
30,speed,1.0,0.9558549523353577,ang,0.0,0.1627049446105957,-0.0516599677503109,0.02453947812318802
30,speed,1.0,0.9619466066360474,ang,0.0,0.07097195088863373,-0.05620497465133667,0.06194707751274109
30,speed,1.0,0.973117470741272,ang,0.0,-0.6379960179328918,0.18299199640750885,-0.027577953413128853
30,speed,1.0,0.992755651473999,ang,0.0,-0.3157825767993927,0.1290411651134491,-0.04868321120738983
30,speed,1.0,1.012563705444336,ang,0.0,-0.24947702884674072,-0.08547917753458023,-0.050496622920036316
30,speed,1.0,1.011386752128601,ang,0.0,-0.2578091621398926,-0.15337499976158142,-0.00544287683442235
30,speed,1.0,0.99531090259552,ang,0.0,-0.29208406805992126,-0.42475301027297974,0.12083244323730469
30,speed,1.0,0.9579532742500305,ang,0.0,0.2235940843820572,0.49945393204689026,0.04925035312771797
30,speed,1.0,0.9878073334693909,ang,0.0,0.6346083283424377,-0.44065234065055847,-0.029125966131687164
30,speed,1.0,1.0024998188018799,ang,0.0,0.02009027637541294,-0.2904756963253021,-0.1258721947669983
30,speed,1.0,1.0018525123596191,ang,0.0,-0.3470345139503479,-0.2506019175052643,-0.11806482821702957
30,speed,1.0,0.9637472033500671,ang,0.0,0.37955379486083984,0.4585435092449188,0.008338519372045994
30,speed,1.0,0.9588137269020081,ang,0.0,0.05318596959114075,-0.0946769267320633,-0.002795458072796464
30,speed,1.0,0.9682452082633972,ang,0.0,-0.02502121962606907,0.09376861900091171,0.07242637127637863
30,speed,1.0,0.9810322523117065,ang,0.0,-0.38378024101257324,0.3079644739627838,-0.04476580768823624
30,speed,1.0,1.0025439262390137,ang,0.0,-0.12419028580188751,0.17405901849269867,-0.06714168936014175
30,speed,1.0,1.0192564725875854,ang,0.0,-0.12477491050958633,-0.06863761693239212,-0.0544363334774971
30,speed,1.0,1.0155012607574463,ang,0.0,-0.17666946351528168,-0.13519884645938873,-0.0014618919230997562
30,speed,1.0,1.0044572353363037,ang,0.0,-0.17985156178474426,-0.4920448362827301,0.1326967030763626
30,speed,1.0,0.9700793027877808,ang,0.0,0.3409278988838196,0.3789236545562744,0.059270985424518585
30,speed,1.0,0.9947947263717651,ang,0.0,0.7330405116081238,-0.3529239296913147,-0.04029518738389015
30,speed,1.0,1.008196234703064,ang,0.0,0.0584651418030262,-0.23382723331451416,-0.12831103801727295
30,speed,1.0,1.006779432296753,ang,0.0,-0.2700261175632477,-0.22280068695545197,-0.10859961807727814
30,speed,1.0,0.9663824439048767,ang,0.0,0.39678701758384705,0.5164747834205627,0.023300033062696457
30,speed,1.0,0.9626787900924683,ang,0.0,0.012205047532916069,-0.08599274605512619,-0.00585242360830307
30,speed,1.0,0.9724404811859131,ang,0.0,-0.03243262320756912,0.13502036035060883,0.07178021967411041
30,speed,1.0,0.9810822010040283,ang,0.0,-0.42652472853660583,0.25493624806404114,-0.04152841120958328
30,speed,1.0,1.0017026662826538,ang,0.0,-0.12642115354537964,0.10903733223676682,-0.06786970794200897
30,speed,1.0,1.0160582065582275,ang,0.0,-0.14782357215881348,-0.11867476254701614,-0.04872215539216995
30,speed,1.0,1.0098623037338257,ang,0.0,-0.17232142388820648,-0.1850239336490631,0.007941185496747494
30,speed,1.0,0.9903315305709839,ang,0.0,-0.46324414014816284,-0.1356305629014969,0.05865642800927162
30,speed,1.0,0.9639750123023987,ang,0.0,0.7153772711753845,0.3260788023471832,0.05622172728180885
30,speed,1.0,0.9988219738006592,ang,0.0,0.7094584703445435,-0.363186240196228,-0.06442989408969879
30,speed,1.0,1.0095394849777222,ang,0.0,-0.0684027224779129,-0.23448535799980164,-0.1215691864490509
30,speed,1.0,1.004779577255249,ang,0.0,-0.3202526569366455,-0.19973334670066833,-0.09938886761665344
30,speed,1.0,0.9627951979637146,ang,0.0,0.4141148030757904,0.5200637578964233,0.02583618275821209
30,speed,1.0,0.961181104183197,ang,0.0,-0.04318854585289955,-0.10720032453536987,-0.006490789819508791
30,speed,1.0,0.973558783531189,ang,0.0,-0.08516332507133484,0.1665305644273758,0.07390838861465454
30,speed,1.0,0.9744617342948914,ang,0.0,-0.42904132604599,0.0727984607219696,-0.10233213007450104
30,speed,1.0,0.9988377690315247,ang,0.0,-0.12840694189071655,0.0844745859503746,-0.057560741901397705
30,speed,1.0,1.0127652883529663,ang,0.0,-0.056865841150283813,-0.1043548509478569,-0.041684918105602264
30,speed,1.0,1.006516933441162,ang,0.0,-0.11617665737867355,-0.1653234213590622,0.010560833849012852
30,speed,1.0,0.983924150466919,ang,0.0,-0.5539606213569641,0.07174666970968246,0.018394090235233307
30,speed,1.0,0.9682486653327942,ang,0.0,0.7470347881317139,0.2913002669811249,0.046244047582149506
30,speed,1.0,1.0015175342559814,ang,0.0,0.8005324602127075,-0.34666457772254944,-0.07192929089069366
30,speed,1.0,1.0106661319732666,ang,0.0,-0.05558140575885773,-0.228772833943367,-0.11869517713785172
30,speed,1.0,1.0043832063674927,ang,0.0,-0.2964063882827759,-0.20092473924160004,-0.09556727856397629
30,speed,1.0,0.9609754085540771,ang,0.0,0.41681066155433655,0.5149268507957458,0.030501388013362885
30,speed,1.0,0.9597551226615906,ang,0.0,-0.06150275096297264,-0.11991602927446365,-0.0027731379959732294
30,speed,1.0,0.9732615947723389,ang,0.0,-0.08923424035310745,0.17089587450027466,0.07524460554122925
30,speed,1.0,0.9727261662483215,ang,0.0,-0.4480646848678589,0.04010429233312607,-0.11156924068927765
30,speed,1.0,0.9977731704711914,ang,0.0,-0.12196901440620422,0.06956678628921509,-0.05714042857289314
30,speed,1.0,1.011283278465271,ang,0.0,-0.04901784658432007,-0.11060503870248795,-0.04004424065351486
30,speed,1.0,1.0049043893814087,ang,0.0,-0.11486730724573135,-0.1766965091228485,0.012750450521707535
30,speed,1.0,0.9808846712112427,ang,0.0,-0.6584881544113159,0.1461656391620636,0.006685181520879269
30,speed,1.0,0.9665582776069641,ang,0.0,0.9077933430671692,0.25788429379463196,0.05418592691421509
30,speed,1.0,1.0014286041259766,ang,0.0,0.811469316482544,-0.3348286747932434,-0.07925233989953995
30,speed,1.0,1.0103274583816528,ang,0.0,-0.06695518642663956,-0.2331901490688324,-0.11340707540512085
30,speed,0.0,1.0036731958389282,ang,0.0,-0.29529479146003723,-0.19184425473213196,-0.09210997074842453
30,speed,0.0,0.8360432982444763,ang,0.0,1.6293556690216064,0.6833666563034058,-0.13879433274269104
30,speed,0.0,0.7513859272003174,ang,0.0,1.5063588619232178,0.2815670669078827,-0.13149979710578918
30,speed,0.0,0.6928108334541321,ang,0.0,1.504101037979126,0.2164788544178009,-0.21531528234481812
30,speed,0.0,0.6479204297065735,ang,0.0,1.239747405052185,0.353859543800354,-0.144876629114151
30,speed,0.0,0.5594640970230103,ang,0.0,0.277678519487381,0.4891970753669739,-0.29672637581825256
30,speed,0.0,0.47311291098594666,ang,0.0,0.2524815499782562,0.26057741045951843,-0.2787676155567169
30,speed,0.0,0.37920302152633667,ang,0.0,-0.00950610637664795,0.07035913318395615,-0.3701811730861664
30,speed,0.0,0.3026191294193268,ang,1.0,-0.24259330332279205,-0.06235426664352417,-0.33120015263557434
30,speed,0.0,0.2652565538883209,ang,1.0,-0.03874564170837402,-0.17485827207565308,-0.11985047906637192
30,speed,0.0,0.2112448364496231,ang,1.0,0.7110511064529419,-0.23281434178352356,-0.0045683011412620544
30,speed,0.0,0.10846398025751114,ang,1.0,0.46135058999061584,0.1921064704656601,0.06423716992139816
30,speed,0.0,0.028862308710813522,ang,1.0,0.237343892455101,-0.11622615158557892,0.20122307538986206
30,speed,0.0,0.02482629381120205,ang,1.0,-0.09178052097558975,-0.5468908548355103,0.5663333535194397
30,speed,0.0,0.013808614574372768,ang,1.0,-0.2554416060447693,-0.3885711431503296,0.9213805794715881
30,speed,0.0,0.012956005521118641,ang,1.0,-0.7522888779640198,-0.3834058344364166,0.8825026154518127
30,speed,0.0,0.025705624371767044,ang,1.0,-0.9626567363739014,-0.2503332495689392,0.8740406036376953
30,speed,0.0,0.04024030640721321,ang,1.0,-0.8592918515205383,-0.16334585845470428,0.9827905893325806
30,speed,0.0,0.046126581728458405,ang,1.0,-0.7142813801765442,-0.13251212239265442,1.103440523147583
30,speed,0.0,0.05605928599834442,ang,1.0,-0.5173380970954895,0.2583508789539337,1.126612901687622
30,speed,0.0,0.059722017496824265,ang,1.0,-0.2962454557418823,0.48680567741394043,1.125069499015808
30,speed,0.0,0.05958656966686249,ang,1.0,0.046809084713459015,0.9100510478019714,1.0817750692367554
30,speed,0.0,0.05976250767707825,ang,1.0,-0.3195125460624695,0.5536885857582092,0.9576820135116577
30,speed,0.0,0.03350110724568367,ang,1.0,-0.6249843835830688,0.3484248220920563,0.8242282271385193
30,speed,0.0,0.016900992020964622,ang,1.0,-0.6595723032951355,0.16638481616973877,0.8654059171676636
30,speed,0.0,0.011861206963658333,ang,1.0,-0.5371571183204651,0.007503500208258629,0.9996845722198486
30,speed,0.0,-0.0016994032775983214,ang,1.0,-0.24896840751171112,0.08615300059318542,1.0793230533599854
30,speed,0.0,-0.021047117188572884,ang,1.0,0.0997224748134613,0.3138987421989441,1.0652427673339844
30,speed,0.0,-0.027997782453894615,ang,1.0,-0.3131018877029419,0.2326183021068573,1.0217797756195068
30,speed,0.0,-0.03600708395242691,ang,1.0,-0.1647598296403885,0.1820046603679657,0.9982849955558777
30,speed,0.0,-0.04128901660442352,ang,1.0,-0.10276929289102554,0.1265105903148651,0.9552125930786133
30,speed,0.0,-0.04706249758601189,ang,1.0,-0.0181747917085886,0.09905948489904404,0.906050980091095
30,speed,0.0,-0.052019182592630386,ang,1.0,0.060298122465610504,0.07365287095308304,0.8471835851669312
30,speed,0.0,-0.056396350264549255,ang,1.0,0.005471168085932732,0.032691262662410736,0.7887377142906189
30,speed,0.0,-0.054626721888780594,ang,1.0,0.14520353078842163,0.032999638468027115,0.8271204233169556
30,speed,0.0,-0.04734828323125839,ang,1.0,0.21697485446929932,0.0053190868347883224,0.9979041218757629
30,speed,0.0,-0.041913677006959915,ang,1.0,0.4108142554759979,0.07454980164766312,1.060608983039856
30,speed,0.0,-0.04112611711025238,ang,1.0,-0.026893258094787598,0.015072593465447426,1.0219999551773071
30,speed,0.0,-0.04247932881116867,ang,1.0,0.011855884455144405,-0.02479734644293785,0.9897992014884949
30,speed,0.0,-0.039480000734329224,ang,1.0,0.003526975167915225,-0.05741215869784355,0.9558348655700684
30,speed,0.0,-0.030798375606536865,ang,1.0,-0.07303274422883987,-0.07989824563264847,0.9184843301773071
30,speed,0.0,-0.017603259533643723,ang,0.0,-0.18076670169830322,-0.1063549816608429,0.8619560599327087
30,speed,0.0,0.023816965520381927,ang,0.0,-0.16731519997119904,0.1411256641149521,0.11731120198965073
30,speed,0.0,0.03922360762953758,ang,0.0,0.06233133748173714,0.015290491282939911,-0.11743418872356415
30,speed,0.0,0.03830554708838463,ang,0.0,0.14112849533557892,-0.1417045295238495,-0.24692261219024658
30,speed,0.0,0.020204657688736916,ang,0.0,0.12198218703269958,-0.1973215937614441,-0.2992420792579651
30,speed,0.0,0.0005764648667536676,ang,0.0,0.03741578385233879,-0.1809723675251007,-0.3181250989437103
30,speed,0.0,-0.013453938066959381,ang,0.0,-0.058279071003198624,-0.1470041126012802,-0.3256358504295349
30,speed,0.0,-0.021777324378490448,ang,0.0,-0.12067486345767975,-0.10130784660577774,-0.3243008255958557
30,speed,0.0,-0.025191444903612137,ang,0.0,-0.1522008180618286,-0.0829191729426384,-0.3171381652355194
30,speed,0.0,-0.026066036894917488,ang,0.0,-0.14651723206043243,-0.04830917343497276,-0.30283039808273315
30,speed,0.0,-0.02456899732351303,ang,0.0,-0.11803349107503891,-0.025925295427441597,-0.2861422598361969
30,speed,0.0,-0.02182048372924328,ang,0.0,-0.09071388095617294,-0.003923381213098764,-0.26807665824890137
30,speed,0.0,-0.01812119223177433,ang,0.0,-0.07307251542806625,0.0017015496268868446,-0.25334659218788147
30,speed,0.0,-0.014684424735605717,ang,0.0,-0.031826574355363846,0.0156339593231678,-0.23746083676815033
30,speed,0.0,-0.01090139988809824,ang,0.0,-0.028428683057427406,0.011096236295998096,-0.22702358663082123
30,speed,0.0,-0.007815302349627018,ang,0.0,-0.011126765049993992,0.0053097400814294815,-0.21771614253520966
30,speed,0.0,-0.004893001168966293,ang,0.0,-0.007214808836579323,0.0013639547396451235,-0.21243005990982056
30,speed,0.0,-0.0024474242236465216,ang,0.0,0.003731293836608529,-0.00900332536548376,-0.20756404101848602
30,speed,0.0,-0.0005767093971371651,ang,0.0,0.00028031342662870884,-0.014621779322624207,-0.2034607082605362
30,speed,0.0,0.0010566337732598186,ang,0.0,-0.006953948177397251,-0.020159009844064713,-0.20044323801994324
30,speed,0.0,0.0025595955085009336,ang,0.0,-0.011004021391272545,-0.020579786971211433,-0.19828245043754578
30,speed,0.0,0.004024255555123091,ang,0.0,-0.012795905582606792,-0.02022920921444893,-0.19662128388881683
30,speed,0.0,0.0054375166073441505,ang,0.0,-0.00409722002223134,-0.017533348873257637,-0.19418679177761078
30,speed,0.0,0.00704575888812542,ang,0.0,-0.014630520716309547,-0.01564899832010269,-0.19282415509223938
30,speed,0.0,0.008559360168874264,ang,0.0,-0.014098083600401878,-0.01413909625262022,-0.1905752271413803
30,speed,0.0,0.0102798230946064,ang,0.0,-0.019684860482811928,-0.008921620436012745,-0.1900632381439209
30,speed,0.0,0.011842777021229267,ang,0.0,-0.012075851671397686,-0.0027423992287367582,-0.18799982964992523
30,speed,0.0,0.01314431894570589,ang,0.0,-0.007049024570733309,-0.0003211908624507487,-0.18489739298820496
30,speed,0.0,0.014344863593578339,ang,0.0,-0.016307108104228973,0.005359225440770388,-0.1821449249982834
30,speed,0.0,0.015442129224538803,ang,0.0,-0.016515476629137993,0.00815424695611,-0.17881891131401062
30,speed,0.0,0.01607983186841011,ang,0.0,-0.014846193604171276,0.008674288168549538,-0.17413242161273956
30,speed,0.0,0.016774892807006836,ang,0.0,-0.02342245541512966,0.014215872623026371,-0.1718645691871643
30,speed,0.0,0.017370276153087616,ang,0.0,-0.01810578815639019,0.018009303137660027,-0.16834700107574463
30,speed,0.0,0.018166424706578255,ang,0.0,-0.014912206679582596,0.017360707744956017,-0.16557848453521729
30,speed,0.0,0.01861373335123062,ang,0.0,-0.016096120700240135,0.020753514021635056,-0.16193266212940216
30,speed,0.0,0.018979402258992195,ang,0.0,-0.020766647532582283,0.02262134663760662,-0.15889495611190796
30,speed,0.0,0.01918218471109867,ang,0.0,-0.016423948109149933,0.02457580715417862,-0.15532757341861725
30,speed,0.0,0.01927751861512661,ang,0.0,-0.021017836406826973,0.02613033726811409,-0.15211552381515503
30,speed,0.0,0.019279778003692627,ang,0.0,-0.01890227012336254,0.02516210451722145,-0.14943191409111023
30,speed,0.0,0.019149942323565483,ang,0.0,-0.017406238242983818,0.02851785346865654,-0.1458968073129654
30,speed,0.0,0.018761681392788887,ang,0.0,-0.009923471137881279,0.03217320889234543,-0.14182300865650177
30,speed,0.0,0.01819705404341221,ang,0.0,-0.0029487472493201494,0.03144023194909096,-0.1372285932302475
30,speed,0.0,0.01765306666493416,ang,0.0,-0.019463302567601204,0.03528199717402458,-0.1343500167131424
30,speed,0.0,0.017120426520705223,ang,0.0,-0.01808919757604599,0.03562891110777855,-0.13106143474578857
30,speed,0.0,0.016499286517500877,ang,0.0,-0.017928538843989372,0.03524286672472954,-0.12769678235054016
30,speed,0.0,0.01578769087791443,ang,0.0,-0.01768738031387329,0.03629794716835022,-0.12454753369092941
30,speed,0.0,0.015072827227413654,ang,0.0,-0.01631850376725197,0.03623666986823082,-0.12130369991064072
30,speed,0.0,0.014327434822916985,ang,0.0,-0.014904891140758991,0.03559795767068863,-0.11853067576885223
30,speed,0.0,0.013530505821108818,ang,0.0,-0.009000749327242374,0.03641166910529137,-0.11518388241529465
30,speed,0.0,0.01282483246177435,ang,0.0,-0.0170820951461792,0.03475801646709442,-0.11310752481222153
30,speed,0.0,0.012095946818590164,ang,0.0,-0.00968005321919918,0.035836007446050644,-0.10986550897359848
30,speed,0.0,0.011362290941178799,ang,0.0,-0.010340329259634018,0.036338143050670624,-0.1072121411561966
30,speed,0.0,0.010528534650802612,ang,0.0,-0.01075048465281725,0.0351223386824131,-0.10378909856081009
30,speed,0.0,0.00988007802516222,ang,0.0,-0.01091399323195219,0.03593116253614426,-0.10186736285686493
30,speed,0.0,0.009249678812921047,ang,0.0,-0.003267248161137104,0.03602411597967148,-0.09933532774448395
30,speed,0.0,0.008686704561114311,ang,0.0,0.0005890211323276162,0.03415383771061897,-0.09694190323352814
30,speed,0.0,0.008095496334135532,ang,0.0,0.005245354492217302,0.03341995179653168,-0.09422628581523895
30,speed,0.0,0.007502251770347357,ang,0.0,0.007152169942855835,0.032886967062950134,-0.09166857600212097
30,speed,0.0,0.006976206786930561,ang,0.0,0.009391281753778458,0.031904418021440506,-0.08909232169389725
30,speed,0.0,0.00646072905510664,ang,0.0,0.0058576688170433044,0.030738359317183495,-0.08645019680261612
30,speed,0.0,0.005940810777246952,ang,0.0,0.0074683139100670815,0.030539419502019882,-0.08393452316522598
30,speed,0.0,0.005503590684384108,ang,0.0,0.010232643224298954,0.02931460551917553,-0.0814313143491745
30,speed,0.0,0.005118756089359522,ang,0.0,0.009791817516088486,0.027573512867093086,-0.0789683610200882
30,speed,0.0,0.004766680765897036,ang,0.0,0.0057294187135994434,0.025767454877495766,-0.07678292691707611
30,speed,0.0,0.004456197377294302,ang,0.0,0.011129557155072689,0.02507256157696247,-0.07441247999668121
30,speed,0.0,0.004222526680678129,ang,0.0,0.012287573888897896,0.02474312297999859,-0.07190334796905518
30,speed,0.0,0.0039123897440731525,ang,0.0,0.020431578159332275,0.024907702580094337,-0.06871423870325089
30,speed,0.0,0.0036712076980620623,ang,0.0,0.018304025754332542,0.024338245391845703,-0.06544525921344757
30,speed,0.0,0.0035071533638983965,ang,0.0,0.01746554858982563,0.023831168189644814,-0.06274708360433578
30,speed,0.0,0.0033896025270223618,ang,0.0,0.014986036345362663,0.023692747578024864,-0.06053748354315758
30,speed,0.0,0.003329008584842086,ang,0.0,0.019357837736606598,0.02379916049540043,-0.058042969554662704
30,speed,0.0,0.003287729574367404,ang,0.0,0.01785232126712799,0.022390276193618774,-0.0558130107820034
30,speed,0.0,0.0032499199733138084,ang,0.0,0.013781528919935226,0.021575715392827988,-0.05356461927294731
30,speed,0.0,0.003235812997445464,ang,0.0,0.013098043389618397,0.019943933933973312,-0.05152979493141174
30,speed,0.0,0.0031815834809094667,ang,0.0,0.013265293091535568,0.019972125068306923,-0.049452487379312515
30,speed,0.0,0.003187206806614995,ang,0.0,0.014639521017670631,0.018080446869134903,-0.04759528860449791
30,speed,0.0,0.0031598880887031555,ang,0.0,0.01466506440192461,0.01749645546078682,-0.045758653432130814
30,speed,0.0,0.0031161452643573284,ang,0.0,0.017629684880375862,0.01732245646417141,-0.043622516095638275
30,speed,0.0,0.00313033745624125,ang,0.0,0.01842636987566948,0.016630714759230614,-0.04198622703552246
30,speed,0.0,0.0031559851486235857,ang,1.0,0.013627182692289352,0.01632656343281269,-0.040465667843818665
30,speed,0.0,-0.015622543171048164,ang,1.0,0.5824277400970459,0.09972202032804489,0.3775325119495392
30,speed,0.0,-0.037991590797901154,ang,1.0,0.5523426532745361,0.10702468454837799,0.708223819732666
30,speed,0.0,-0.04724536091089249,ang,1.0,-0.2757718563079834,-0.13043271005153656,0.8805254697799683
30,speed,0.0,-0.05225277692079544,ang,1.0,0.15793678164482117,0.09545236080884933,1.0620636940002441
30,speed,0.0,-0.04324803501367569,ang,1.0,-0.31534886360168457,0.1182451993227005,1.1351689100265503
30,speed,0.0,-0.037127625197172165,ang,1.0,-0.03362822160124779,0.135482057929039,1.1401560306549072
30,speed,0.0,-0.027283919975161552,ang,1.0,-0.14480024576187134,0.061229389160871506,1.0909667015075684
30,speed,0.0,-0.024891696870326996,ang,1.0,-0.10809823870658875,0.036838289350271225,1.065906286239624
30,speed,0.0,-0.023960813879966736,ang,1.0,-0.13041210174560547,-0.019803980365395546,1.050185203552246
30,speed,0.0,-0.021907871589064598,ang,1.0,-0.086318738758564,-0.05305089056491852,1.0657767057418823
30,speed,0.0,-0.019277388229966164,ang,1.0,0.00108327844645828,-0.028662007302045822,1.0793896913528442
30,speed,0.0,-0.018460217863321304,ang,1.0,0.030528806149959564,-0.05692479386925697,1.0338131189346313
30,speed,0.0,-0.019053544849157333,ang,1.0,0.04334139823913574,-0.11930925399065018,0.9771496057510376
30,speed,0.0,-0.020676886662840843,ang,1.0,0.11410754919052124,-0.1716698408126831,0.9229975342750549
30,speed,0.0,-0.021604757755994797,ang,1.0,0.12469865381717682,-0.20714245736598969,0.8717660903930664
30,speed,0.0,-0.02171223983168602,ang,1.0,0.12075918912887573,-0.2231803983449936,0.8096380233764648
30,speed,0.0,-0.019532036036252975,ang,1.0,0.07111717760562897,-0.23931802809238434,0.7329773902893066
30,speed,0.0,-0.011903487145900726,ang,0.0,-0.06623422354459763,-0.27018100023269653,0.639556884765625
30,speed,0.0,0.025441180914640427,ang,0.0,-0.6618953943252563,0.298572838306427,0.021029427647590637
30,speed,0.0,0.025722304359078407,ang,0.0,-0.20885413885116577,-0.17113961279392242,-0.1452072709798813
30,speed,0.0,0.025388676673173904,ang,0.0,0.10118221491575241,-0.1659860759973526,-0.2914178967475891
30,speed,0.0,0.002090227324515581,ang,0.0,0.08599574863910675,-0.11075788736343384,-0.31655868887901306
30,speed,0.0,-0.022547192871570587,ang,0.0,0.15923915803432465,0.09727314114570618,-0.2953788936138153
30,speed,0.0,-0.02519974857568741,ang,0.0,-0.043290432542562485,0.05107906833291054,-0.29949498176574707
30,speed,0.0,-0.023231392726302147,ang,0.0,-0.23805385828018188,0.05655177682638168,-0.30870047211647034
30,speed,0.0,-0.021157486364245415,ang,0.0,-0.24385596811771393,0.023647572845220566,-0.3138650953769684
30,speed,0.0,-0.020968137308955193,ang,0.0,-0.11027146875858307,0.015001753345131874,-0.30211141705513
30,speed,0.0,-0.020954374223947525,ang,0.0,-0.029706992208957672,0.02208763360977173,-0.28108057379722595
30,speed,0.0,-0.020485851913690567,ang,0.0,0.014379100874066353,0.04579591751098633,-0.2528429627418518
30,speed,0.0,-0.01864546909928322,ang,0.0,0.04647514596581459,0.06770171970129013,-0.2254839390516281
30,speed,0.0,-0.015467194840312004,ang,0.0,0.06419029086828232,0.08493499457836151,-0.20035210251808167
30,speed,0.0,-0.011789063923060894,ang,0.0,0.05391685292124748,0.10038380324840546,-0.18026509881019592
30,speed,0.0,-0.007496751379221678,ang,0.0,0.03516869992017746,0.09644994139671326,-0.16856545209884644
30,speed,0.0,-0.0037857857532799244,ang,0.0,0.03779572620987892,0.09013328701257706,-0.1592075377702713
30,speed,0.0,-0.0006800875416956842,ang,0.0,0.030752168968319893,0.08041924983263016,-0.15386810898780823
30,speed,0.0,0.0015770744066685438,ang,0.0,0.018332282081246376,0.06838800013065338,-0.14969390630722046
30,speed,0.0,0.0032102675177156925,ang,0.0,0.00995009858161211,0.05513934791088104,-0.14673669636249542
30,speed,0.0,0.0041688126511871815,ang,0.0,-0.007523356005549431,0.04450951889157295,-0.1435430645942688
30,speed,0.0,0.004755164496600628,ang,0.0,-0.00835847482085228,0.03236258402466774,-0.14180243015289307
30,speed,0.0,0.004989877808839083,ang,0.0,-0.008517533540725708,0.025013122707605362,-0.13924933969974518
30,speed,0.0,0.005060835275799036,ang,0.0,-0.01140869315713644,0.020137645304203033,-0.13582147657871246
30,speed,0.0,0.005102747119963169,ang,0.0,-0.017212241888046265,0.015406538732349873,-0.1333518922328949
30,speed,0.0,0.005158853251487017,ang,0.0,-0.015165700577199459,0.013201627880334854,-0.13044068217277527
30,speed,0.0,0.005255876574665308,ang,0.0,-0.01275613997131586,0.010854354128241539,-0.12798859179019928
30,speed,0.0,0.005395472049713135,ang,0.0,-0.010161180980503559,0.010898527689278126,-0.12462565302848816
30,speed,0.0,0.005708629265427589,ang,0.0,-0.01821843720972538,0.008416719734668732,-0.1234232559800148
30,speed,0.0,0.005897097755223513,ang,0.0,-0.008753574453294277,0.00794945377856493,-0.11972175538539886
30,speed,0.0,0.005915650632232428,ang,0.0,-0.002412077970802784,0.010172740556299686,-0.11617013067007065
30,speed,0.0,0.006339698564261198,ang,0.0,-0.01396868284791708,0.009919592179358006,-0.11443384736776352
30,speed,0.0,0.0066174091771245,ang,0.0,-0.018529418855905533,0.015020441263914108,-0.11180473119020462
30,speed,0.0,0.0071659209206700325,ang,0.0,-0.0027260647621005774,0.00971184205263853,-0.11022593080997467
30,speed,0.0,0.007460290100425482,ang,0.0,-0.005102935247123241,0.011249869130551815,-0.10756556689739227
30,speed,0.0,0.007760314270853996,ang,0.0,-0.0016189668094739318,0.01101905107498169,-0.10533063858747482
30,speed,0.0,0.008037383668124676,ang,0.0,-0.0030937641859054565,0.010317518375813961,-0.10339103639125824
30,speed,0.0,0.008251632563769817,ang,0.0,-0.008124926127493382,0.010190694592893124,-0.10127881169319153
30,speed,0.0,0.008460372686386108,ang,0.0,-0.007167000789195299,0.009871654212474823,-0.09946341812610626
30,speed,0.0,0.00864780880510807,ang,0.0,-0.008626359514892101,0.008347678929567337,-0.09833090752363205
30,speed,0.0,0.008731527253985405,ang,0.0,-0.0033079024869948626,0.007343968842178583,-0.09694456309080124
30,speed,0.0,0.008944295346736908,ang,0.0,0.004300571046769619,0.004148051142692566,-0.09454147517681122
30,speed,0.0,0.008790135383605957,ang,0.0,-0.006308985408395529,0.010189925320446491,-0.09204401820898056
30,speed,0.0,0.008882940746843815,ang,0.0,-0.004525214899331331,0.00846743956208229,-0.09093581140041351
30,speed,0.0,0.008888262324035168,ang,0.0,0.002264328533783555,0.008081219159066677,-0.08879011124372482
30,speed,0.0,0.00890855211764574,ang,0.0,0.0030597702134400606,0.006645178887993097,-0.08667109906673431
30,speed,0.0,0.009028183296322823,ang,0.0,-0.007660197094082832,0.006369312293827534,-0.08621672540903091
30,speed,0.0,0.009046562016010284,ang,0.0,0.0054146707989275455,0.008577359840273857,-0.08428977429866791
30,speed,0.0,0.009163742884993553,ang,0.0,0.005388361401855946,0.007076688576489687,-0.08242156356573105
30,speed,0.0,0.009111759252846241,ang,0.0,0.004944204352796078,0.008498277515172958,-0.0808509886264801
30,speed,0.0,0.009067156352102757,ang,0.0,0.005026418250054121,0.00990698765963316,-0.07891571521759033
30,speed,0.0,0.009108047001063824,ang,0.0,0.0049227033741772175,0.008344629779458046,-0.07773631066083908
30,speed,0.0,0.0090833380818367,ang,0.0,0.005172599572688341,0.008547771722078323,-0.07619458436965942
30,speed,0.0,0.009043829515576363,ang,0.0,0.004393936600536108,0.007711596321314573,-0.07448162883520126
30,speed,0.0,0.009018846787512302,ang,0.0,0.005018086172640324,0.006365462206304073,-0.07346967607736588
30,speed,0.0,0.009072110056877136,ang,0.0,0.006782785058021545,0.003051488660275936,-0.07188630104064941
30,speed,0.0,0.008808247745037079,ang,0.0,0.000735078239813447,0.007632329128682613,-0.06979463249444962
30,speed,0.0,0.00872101727873087,ang,0.0,0.0036266811657696962,0.005686807446181774,-0.06899984925985336
30,speed,0.0,0.008540644310414791,ang,0.0,0.007231538649648428,0.005280731245875359,-0.06685461103916168
30,speed,0.0,0.00839170254766941,ang,0.0,0.008123286068439484,0.005621905438601971,-0.0650896430015564
30,speed,0.0,0.008290358819067478,ang,0.0,0.0062940544448792934,0.0059905704110860825,-0.06369565427303314
30,speed,0.0,0.008238275535404682,ang,0.0,0.0031399147119373083,0.004998032469302416,-0.0623667873442173
30,speed,0.0,0.008156795054674149,ang,0.0,3.993737118435092e-05,0.005188287235796452,-0.06117264926433563
30,speed,1.0,0.008081139996647835,ang,0.0,0.00422709621489048,0.0040533957071602345,-0.06021515652537346
30,speed,1.0,0.11059805750846863,ang,0.0,-1.783694863319397,-0.8777174353599548,-0.1870141476392746
30,speed,1.0,0.18307951092720032,ang,0.0,-1.5257567167282104,-0.09144353866577148,-0.18499359488487244
30,speed,1.0,0.2767261564731598,ang,0.0,-1.2543840408325195,0.20340260863304138,-0.22814548015594482
30,speed,1.0,0.35338085889816284,ang,0.0,-0.19978860020637512,0.29346227645874023,-0.18797093629837036
30,speed,1.0,0.42942407727241516,ang,0.0,-0.008443562313914299,0.4402218461036682,-0.12895821034908295
30,speed,1.0,0.5071291327476501,ang,0.0,0.09676837921142578,0.20825625956058502,-0.07625530660152435
30,speed,1.0,0.562629759311676,ang,0.0,0.22008280456066132,0.6440848112106323,0.15784084796905518
30,speed,1.0,0.6297909617424011,ang,0.0,0.7820672392845154,-0.34815841913223267,0.13733434677124023
30,speed,1.0,0.6855840086936951,ang,0.0,0.8340578079223633,-0.2190951108932495,0.20597191154956818
30,speed,1.0,0.7368905544281006,ang,0.0,-0.1804632693529129,-0.22857150435447693,-0.12265817821025848
30,speed,1.0,0.8059201240539551,ang,0.0,0.33870917558670044,0.03546977788209915,-0.16012178361415863
30,speed,1.0,0.8590604662895203,ang,0.0,0.39861589670181274,-0.23387758433818817,-0.17648723721504211
30,speed,1.0,0.889859676361084,ang,0.0,-0.0026493403129279613,-0.4028860032558441,-0.04790753126144409
30,speed,1.0,0.900432825088501,ang,0.0,-0.0790495052933693,-0.7688819169998169,0.17724184691905975
30,speed,1.0,0.8445133566856384,ang,0.0,-0.03575111925601959,0.31161096692085266,0.10497358441352844
30,speed,1.0,0.8893808722496033,ang,0.0,0.6190547347068787,-1.000813603401184,-0.040322836488485336
30,speed,1.0,0.9067841172218323,ang,0.0,0.7775205373764038,-0.845232367515564,-0.08064763993024826
30,speed,1.0,0.9085541367530823,ang,0.0,-0.006468367762863636,-0.8270485997200012,-0.09204801917076111
30,speed,1.0,0.9005175828933716,ang,0.0,-0.3711494207382202,-0.4475966691970825,-0.06511446833610535
30,speed,1.0,0.8744184374809265,ang,0.0,-0.10444806516170502,0.11604508012533188,0.071958988904953
30,speed,1.0,0.8863077759742737,ang,0.0,0.103309266269207,-0.27515512704849243,0.049077630043029785
30,speed,1.0,0.9188643097877502,ang,0.0,0.07765631377696991,0.1280602663755417,0.13877058029174805
30,speed,1.0,0.9321592450141907,ang,0.0,0.07852988690137863,0.007882367819547653,-0.08419933915138245
30,speed,1.0,0.95562744140625,ang,0.0,0.33339059352874756,-0.1600765436887741,-0.11024945974349976
30,speed,1.0,0.9501578211784363,ang,0.0,-0.1513182818889618,-0.3795463740825653,-0.1056252270936966
30,speed,1.0,0.9328516721725464,ang,0.0,-0.21462658047676086,-0.3319157361984253,-0.02025957964360714
30,speed,1.0,0.9038090109825134,ang,0.0,-0.9646669626235962,-0.3608052730560303,-0.15616349875926971
30,speed,1.0,0.9398848414421082,ang,0.0,-0.335264652967453,-0.7976623177528381,-0.28637999296188354
30,speed,1.0,0.9464922547340393,ang,0.0,1.0895721912384033,-0.6210134029388428,-0.215494766831398
30,speed,1.0,0.9272148013114929,ang,0.0,0.24729913473129272,-0.5896095633506775,-0.029365072026848793
30,speed,1.0,0.8873955607414246,ang,0.0,-0.332220196723938,-0.5678893327713013,0.05429140478372574
30,speed,1.0,0.8379896283149719,ang,0.0,0.27468177676200867,0.008501863107085228,0.11971572786569595
30,speed,1.0,0.8505047559738159,ang,0.0,-0.08135237544775009,-0.4068724513053894,0.030314860865473747
30,speed,1.0,0.8738090395927429,ang,0.0,-0.46972858905792236,-0.487026184797287,0.10752823948860168
30,speed,1.0,0.9160799384117126,ang,0.0,-0.06504545360803604,0.21010906994342804,0.030173499137163162
30,speed,1.0,0.9397491216659546,ang,0.0,-0.011064821854233742,-0.3808054029941559,-0.11689115315675735
30,speed,1.0,0.9556034803390503,ang,0.0,0.07686678320169449,-0.7278551459312439,-0.01333252340555191
30,speed,1.0,0.9644381999969482,ang,0.0,-0.33756425976753235,-1.0497301816940308,0.03281416743993759
30,speed,1.0,0.9748320579528809,ang,0.0,-0.20918472111225128,-0.6651361584663391,0.1730441153049469
30,speed,1.0,0.972159206867218,ang,0.0,0.06630730628967285,-0.34664762020111084,0.08649030327796936
30,speed,1.0,0.9649407863616943,ang,0.0,0.19256189465522766,-1.1654775142669678,0.26711761951446533
30,speed,1.0,0.9400041699409485,ang,0.0,-0.2187941074371338,-0.4217469096183777,0.208567276597023
30,speed,1.0,0.9561753869056702,ang,0.0,0.16294217109680176,-0.4738229513168335,0.049514297395944595
30,speed,1.0,0.9259302616119385,ang,0.0,0.850215494632721,-0.7901749610900879,0.00149953318759799
30,speed,1.0,0.9306899309158325,ang,0.0,-0.13206921517848969,-1.0002076625823975,0.07664608955383301
30,speed,1.0,0.910285234451294,ang,0.0,-0.21888990700244904,-0.8307230472564697,-0.05222487077116966
30,speed,1.0,0.8846378326416016,ang,0.0,0.3554374873638153,-0.13805115222930908,0.07372527569532394
30,speed,1.0,0.9030051231384277,ang,0.0,0.08850456774234772,-0.14932827651500702,0.049849458038806915
30,speed,1.0,0.9482893943786621,ang,0.0,0.6218807101249695,0.09661667793989182,-0.04150155186653137
30,speed,1.0,0.9579147696495056,ang,0.0,0.23633667826652527,-0.18652984499931335,0.06422463059425354
30,speed,1.0,0.9706740975379944,ang,0.0,0.6961650848388672,-0.25013190507888794,0.05785275995731354
30,speed,1.0,0.9932929873466492,ang,0.0,0.2649080455303192,0.014639496803283691,0.11477512121200562
30,speed,1.0,1.0167346000671387,ang,0.0,0.7834034562110901,-0.24212266504764557,-0.007504051085561514
30,speed,1.0,0.9681287407875061,ang,0.0,-0.7295311689376831,0.6672976613044739,0.03472743183374405
30,speed,1.0,0.9504964351654053,ang,0.0,-0.008420952595770359,0.0010359528241679072,-0.004805583041161299
30,speed,1.0,0.9203308820724487,ang,0.0,-0.7446508407592773,0.18671056628227234,0.18153521418571472
30,speed,1.0,0.9111963510513306,ang,0.0,-0.2180105298757553,0.8821865916252136,0.14715319871902466
30,speed,1.0,0.8827007412910461,ang,0.0,1.579613447189331,0.1754092276096344,-0.07617446780204773
30,speed,1.0,0.8988457322120667,ang,0.0,-0.2803747355937958,-0.21289554238319397,0.18085134029388428
30,speed,1.0,0.9356082081794739,ang,0.0,-0.8230733871459961,-0.37804165482521057,0.23902836441993713
30,speed,1.0,0.9488105177879333,ang,0.0,-0.7057146430015564,-0.4804399907588959,0.049389179795980453
30,speed,1.0,0.9071586728096008,ang,0.0,0.4882604479789734,0.2752755284309387,0.03632272407412529
30,speed,1.0,0.931736946105957,ang,0.0,0.13972172141075134,0.2301919311285019,0.11725544184446335
30,speed,1.0,0.9809649586677551,ang,0.0,1.5052872896194458,0.511021077632904,0.06388956308364868
30,speed,1.0,0.9976425766944885,ang,0.0,0.6168113946914673,-0.40658310055732727,-0.0798308253288269
30,speed,1.0,1.0083489418029785,ang,0.0,0.24692922830581665,-0.6234800815582275,0.0005482945125550032
30,speed,1.0,1.0433765649795532,ang,0.0,0.3732561469078064,0.017353424802422523,0.11475161463022232
30,speed,1.0,0.9826644062995911,ang,0.0,-2.398273468017578,0.22659866511821747,0.02623620815575123
30,speed,1.0,0.9376997947692871,ang,0.0,-0.7682843804359436,0.26220306754112244,0.03572564572095871
30,speed,1.0,0.9078395962715149,ang,0.0,-0.2652856707572937,0.5068299174308777,0.07327007502317429
30,speed,1.0,0.9000388979911804,ang,0.0,-0.351575642824173,0.952549397945404,0.1326606720685959
30,speed,1.0,0.920285701751709,ang,0.0,1.4376331567764282,0.2609654366970062,-0.1394539624452591
30,speed,1.0,0.9120523929595947,ang,0.0,0.6985406875610352,-0.585895836353302,0.12489389628171921
30,speed,1.0,0.9353184103965759,ang,0.0,-0.43374964594841003,-0.6426433324813843,0.26907652616500854
30,speed,1.0,0.9546695351600647,ang,0.0,-0.5588252544403076,-0.8425970077514648,0.12542590498924255
30,speed,1.0,0.8929905891418457,ang,0.0,0.5808473229408264,-0.053644176572561264,0.1309017390012741
30,speed,1.0,0.9170004725456238,ang,0.0,0.13582009077072144,-0.26664793491363525,0.1929425597190857
30,speed,1.0,0.9555105566978455,ang,0.0,1.2511399984359741,0.24789364635944366,0.1456478238105774
30,speed,1.0,0.9363774657249451,ang,0.0,-0.40386539697647095,-0.4229941964149475,0.16881562769412994
30,speed,1.0,0.954058825969696,ang,0.0,1.05192232131958,-0.4012071490287781,0.0255186315625906
30,speed,1.0,0.984322726726532,ang,0.0,0.4185336232185364,0.31437474489212036,0.2217888981103897
30,speed,1.0,0.9562526941299438,ang,0.0,-1.3792611360549927,-0.08716847002506256,0.1252843737602234
30,speed,1.0,0.9179638028144836,ang,0.0,-0.5063602924346924,0.8883033990859985,0.22102555632591248
30,speed,1.0,0.8944288492202759,ang,0.0,0.1648879051208496,0.764794647693634,0.1461743414402008
30,speed,1.0,0.8913097977638245,ang,0.0,-0.09284289181232452,0.516434371471405,0.09690538793802261
30,speed,1.0,0.9295106530189514,ang,0.0,0.29957351088523865,0.48912113904953003,-0.0968083068728447
30,speed,1.0,0.9197632670402527,ang,0.0,1.4671844244003296,-0.051808733493089676,0.0006703727412968874
30,speed,1.0,0.9314269423484802,ang,0.0,-0.19619600474834442,-0.26073580980300903,0.1575571745634079
30,speed,1.0,0.9879408478736877,ang,0.0,-0.9309676289558411,-0.6463790535926819,0.26973193883895874
30,speed,1.0,0.9638639688491821,ang,0.0,0.22627586126327515,-0.8598310351371765,-0.002877219580113888
30,speed,1.0,0.9410483241081238,ang,0.0,0.41572749614715576,-0.10760950297117233,0.13731950521469116
30,speed,1.0,0.959023654460907,ang,0.0,0.5963843464851379,0.5370842814445496,0.2188253402709961
30,speed,1.0,0.9706666469573975,ang,0.0,-0.24788334965705872,-0.3797972798347473,0.04674107953906059
30,speed,1.0,0.9505307674407959,ang,0.0,0.9733826518058777,-0.3383882939815521,0.04836542159318924
30,speed,1.0,0.952420711517334,ang,0.0,0.7532244920730591,-0.07222584635019302,0.1441502422094345
30,speed,1.0,0.9146946668624878,ang,0.0,-1.32406747341156,-0.450526624917984,0.09655844420194626
30,speed,1.0,0.8625087141990662,ang,0.0,-1.599129319190979,0.12050190567970276,0.07621125131845474
30,speed,1.0,0.8439246416091919,ang,0.0,-0.017019998282194138,-0.16290102899074554,-0.057687874883413315
30,speed,1.0,0.8291706442832947,ang,0.0,0.05538129806518555,0.28779444098472595,0.04241880401968956
30,speed,1.0,0.8650562167167664,ang,0.0,1.2294938564300537,0.36771759390830994,-0.11057716608047485
30,speed,1.0,0.8850289583206177,ang,0.0,1.3146092891693115,-0.37300559878349304,0.050782740116119385
30,speed,1.0,0.9095689654350281,ang,0.0,-0.021491797640919685,-0.4806971251964569,0.12953680753707886
30,speed,1.0,0.9617413878440857,ang,0.0,-0.5702381134033203,-0.7896170616149902,0.11162963509559631
30,speed,1.0,1.014839768409729,ang,0.0,-0.815837025642395,-0.9900471568107605,0.2962649166584015
30,speed,1.0,0.7102989554405212,ang,0.0,-0.019589649513363838,0.11902151256799698,0.12313186377286911
30,speed,1.0,0.7428142428398132,ang,0.0,-0.22471901774406433,0.011931129731237888,-0.008586057461798191
30,speed,1.0,0.7883571982383728,ang,0.0,-0.37563711404800415,-0.19003024697303772,-0.06013543903827667
30,speed,1.0,0.8207252621650696,ang,0.0,0.3121054768562317,0.5969721078872681,0.16107302904129028
30,speed,1.0,0.8154410719871521,ang,0.0,0.8372763395309448,1.007185935974121,0.30767926573753357
30,speed,1.0,0.8169493079185486,ang,0.0,-0.578422486782074,0.08015798032283783,0.1028880849480629
30,speed,1.0,0.7743579149246216,ang,0.0,-0.8519943952560425,-0.7209506034851074,0.14092451333999634
30,speed,1.0,0.6645740270614624,ang,0.0,-2.0368878841400146,0.35235899686813354,0.38779136538505554
30,speed,1.0,0.6528591513633728,ang,0.0,0.45928138494491577,0.693464457988739,0.2160283774137497
30,speed,1.0,0.6407960653305054,ang,0.0,-0.02679767832159996,1.161960244178772,0.23061786592006683
30,speed,1.0,0.6665074229240417,ang,0.0,0.9439773559570312,1.0083180665969849,-0.14126461744308472
30,speed,1.0,0.6972991824150085,ang,0.0,0.898638129234314,-0.1255687177181244,-0.02114156447350979
30,speed,1.0,0.7242478728294373,ang,0.0,-0.4979480803012848,-0.7320088148117065,0.2647302746772766
30,speed,1.0,0.7768740057945251,ang,0.0,-1.1106775999069214,-0.8478483557701111,0.2218257635831833
30,speed,1.0,0.7500454187393188,ang,0.0,-0.5947754979133606,0.480845183134079,0.28259021043777466
30,speed,1.0,0.7845502495765686,ang,0.0,0.19722501933574677,-0.4991857707500458,0.154689759016037
30,speed,1.0,0.8207734227180481,ang,0.0,0.241178959608078,-0.5058344006538391,0.23602604866027832
30,speed,1.0,0.8664597272872925,ang,0.0,1.2543933391571045,-0.02266654372215271,0.19017529487609863
30,speed,1.0,0.876457691192627,ang,0.0,-0.08620981127023697,-0.5075247287750244,0.15364451706409454
30,speed,1.0,0.8986221551895142,ang,0.0,0.5603523254394531,-0.36545804142951965,0.15392057597637177
30,speed,1.0,0.9381651282310486,ang,0.0,0.34287112951278687,0.2458532303571701,0.2717558741569519
30,speed,1.0,0.9566196203231812,ang,0.0,0.7550095915794373,-0.19955220818519592,0.07057960331439972
30,speed,1.0,0.9017283916473389,ang,0.0,-0.601876437664032,0.8093910813331604,0.2929314970970154
30,speed,1.0,0.8877564668655396,ang,0.0,0.7984782457351685,0.4600965976715088,0.12375529110431671
30,speed,1.0,0.8755835890769958,ang,0.0,-0.5085471272468567,0.48567870259284973,0.1604970097541809
30,speed,1.0,0.8835391998291016,ang,0.0,0.907383918762207,0.7429717183113098,-0.008100037463009357
30,speed,1.0,0.8979330062866211,ang,0.0,0.7219352722167969,0.018940815702080727,0.016639376059174538
30,speed,1.0,0.9174618721008301,ang,0.0,-0.33009299635887146,-0.5558453798294067,0.2053239643573761
30,speed,1.0,0.9684022068977356,ang,0.0,-0.7423195838928223,-0.7991732954978943,0.29691237211227417
30,speed,1.0,0.9407666921615601,ang,0.0,-0.2122926115989685,0.28784576058387756,0.1273641586303711
30,speed,1.0,0.9450799226760864,ang,0.0,0.012609227560460567,-0.03814319521188736,0.043765630573034286
30,speed,1.0,0.9684785604476929,ang,0.0,-0.14506688714027405,0.5701790452003479,0.26643168926239014
30,speed,1.0,1.0212271213531494,ang,0.0,0.23069065809249878,0.1995280236005783,0.03493878245353699
30,speed,1.0,1.0491628646850586,ang,0.0,0.7259990572929382,-0.5524788498878479,-0.07663805037736893
30,speed,1.0,1.0603049993515015,ang,0.0,0.12922370433807373,-0.2193143665790558,0.12549647688865662
30,speed,1.0,1.0430271625518799,ang,0.0,-0.6020050048828125,-0.6129782795906067,0.12057249993085861
30,speed,1.0,0.9738319516181946,ang,0.0,-1.7737548351287842,0.14766724407672882,0.1761016547679901
30,speed,1.0,0.9527209401130676,ang,0.0,0.27210044860839844,0.13283832371234894,0.10311805456876755
30,speed,1.0,0.9398549795150757,ang,0.0,-0.09275150299072266,0.35314464569091797,0.09026177227497101
30,speed,1.0,0.9641401171684265,ang,0.0,0.06192168965935707,1.0513653755187988,0.006935670971870422
30,speed,1.0,0.9505720138549805,ang,0.0,1.5848842859268188,-0.06388052552938461,-0.16459883749485016
30,speed,1.0,0.9570754170417786,ang,0.0,-0.3365877568721771,-0.7071465253829956,0.15915881097316742
30,speed,1.0,1.0057133436203003,ang,0.0,-0.9455717206001282,-0.7949527502059937,0.33101239800453186
30,speed,1.0,0.9797715544700623,ang,0.0,-0.45838260650634766,-0.3127732574939728,0.0847054049372673
30,speed,1.0,0.955520749092102,ang,0.0,0.12581315636634827,-0.2838892936706543,0.04948347434401512
30,speed,1.0,0.9728413820266724,ang,0.0,0.2571392059326172,0.535006046295166,0.29363563656806946
30,speed,1.0,1.0270273685455322,ang,0.0,2.0959227085113525,0.8479956388473511,0.11786860972642899
30,speed,1.0,1.032828450202942,ang,0.0,0.8324015736579895,-0.3807164132595062,-0.11305126547813416
30,speed,1.0,1.0403623580932617,ang,0.0,0.07033762335777283,-0.21115896105766296,0.0967957079410553
30,speed,1.0,1.000550389289856,ang,0.0,-0.36234456300735474,-1.1997830867767334,0.003264937549829483
30,speed,1.0,0.917272686958313,ang,0.0,-1.4200878143310547,-0.15211063623428345,0.05456950142979622
30,speed,1.0,0.8735887408256531,ang,0.0,0.540223240852356,0.09014345705509186,-0.01231417991220951
30,speed,1.0,0.8414244055747986,ang,0.0,0.019331252202391624,0.5626947283744812,0.04853781312704086
30,speed,1.0,0.8851185441017151,ang,0.0,-0.006054821889847517,1.2733030319213867,-0.03995095193386078
30,speed,1.0,0.8909922242164612,ang,0.0,1.2516916990280151,0.49208253622055054,-0.1541769653558731
30,speed,1.0,0.9014557003974915,ang,0.0,-0.68523770570755,-0.3316034972667694,0.05559888482093811
30,speed,1.0,0.9539968371391296,ang,0.0,-0.7918843030929565,-0.765956699848175,0.35581719875335693
30,speed,1.0,0.9344861507415771,ang,0.0,-0.1127435564994812,-0.9422174096107483,0.0285626407712698
30,speed,1.0,0.8994781374931335,ang,0.0,0.46015089750289917,-0.4247751235961914,0.08703510463237762
30,speed,1.0,0.9106969237327576,ang,0.0,0.02505483478307724,0.3588091731071472,0.3149511218070984
30,speed,1.0,0.9738277792930603,ang,0.0,2.0582497119903564,0.6050927639007568,0.130337655544281
30,speed,1.0,0.9684308171272278,ang,0.0,0.2689807713031769,0.022276759147644043,0.026050308719277382
30,speed,1.0,0.9805497527122498,ang,0.0,0.5919153094291687,-0.18644878268241882,0.04340408369898796
30,speed,1.0,0.9630404710769653,ang,0.0,-0.6534200310707092,-0.5898967981338501,0.026280103251338005
30,speed,1.0,0.8929739594459534,ang,0.0,-2.1961793899536133,-0.16015805304050446,-0.041033774614334106
30,speed,1.0,0.8416509628295898,ang,0.0,0.420491099357605,0.05222795158624649,-0.07473686337471008
30,speed,1.0,0.8179835081100464,ang,0.0,0.5390226244926453,0.238359272480011,-0.11605080962181091
30,speed,1.0,0.8482615947723389,ang,0.0,1.1952952146530151,0.888673722743988,-0.009725045412778854
30,speed,1.0,0.8786759972572327,ang,0.0,1.324363112449646,-0.15013104677200317,-0.09347584843635559
30,speed,1.0,0.9039186239242554,ang,0.0,-0.33149588108062744,-0.4021693170070648,-0.02649213932454586
30,speed,1.0,0.9486089944839478,ang,0.0,-0.4896313548088074,-0.7205017805099487,0.20542828738689423
30,speed,1.0,1.0228357315063477,ang,0.0,-0.6612758636474609,-0.39416012167930603,0.3345487415790558
30,speed,1.0,0.9661474823951721,ang,0.0,-0.5630497932434082,-0.5787938237190247,-0.1515158712863922
30,speed,1.0,0.9323711395263672,ang,0.0,0.1929103583097458,0.892111599445343,0.013218842446804047
30,speed,1.0,0.9779565334320068,ang,0.0,0.5516950488090515,1.2051807641983032,0.07673297822475433
30,speed,1.0,0.9450373649597168,ang,0.0,-1.2035754919052124,-0.029227854683995247,-0.032288067042827606
30,speed,1.0,0.9895690083503723,ang,0.0,0.19790878891944885,-0.10956137627363205,-0.02929041162133217
30,speed,1.0,0.9446963667869568,ang,0.0,-1.2860723733901978,-1.536134958267212,-0.05907367914915085
30,speed,1.0,0.8341071009635925,ang,0.0,-1.081380844116211,-0.05336800217628479,0.06781581789255142
30,speed,1.0,0.7849559187889099,ang,0.0,0.5745790004730225,0.3262854218482971,-0.02605375647544861
30,speed,1.0,0.7558431625366211,ang,0.0,-0.033359576016664505,0.8419234752655029,0.11397185176610947
30,speed,1.0,0.8016342520713806,ang,0.0,-0.05405581369996071,1.2584240436553955,0.07506822049617767
30,speed,1.0,0.8296895623207092,ang,0.0,0.1806979924440384,0.5382981896400452,-0.09465837478637695
30,speed,1.0,0.8506430983543396,ang,0.0,0.018098656088113785,-0.4972783625125885,0.009719423949718475
30,speed,1.0,0.9082144498825073,ang,0.0,-0.3494367003440857,-0.7994903326034546,0.31584250926971436
30,speed,1.0,0.9404723048210144,ang,0.0,-0.718216061592102,-0.7108052372932434,0.32767847180366516
30,speed,1.0,0.8862719535827637,ang,0.0,0.3893083333969116,0.16084955632686615,0.1968158483505249
30,speed,1.0,0.9048238396644592,ang,0.0,0.8881155252456665,0.23746520280838013,0.19307149946689606
30,speed,1.0,0.9610283970832825,ang,0.0,2.173875570297241,0.50335693359375,0.186783567070961
30,speed,1.0,0.9556657075881958,ang,0.0,0.16153866052627563,-0.4158529043197632,0.06639989465475082
30,speed,1.0,0.9669475555419922,ang,0.0,0.17475228011608124,-0.4525483250617981,0.0755719244480133
30,speed,1.0,0.9534814953804016,ang,0.0,-0.5341851115226746,-0.7815283536911011,0.026763901114463806
30,speed,1.0,0.8602932095527649,ang,0.0,-2.1129238605499268,-0.5614886283874512,-0.003739718347787857
30,speed,1.0,0.8009785413742065,ang,0.0,0.4430205523967743,-0.08491522818803787,-0.05709731951355934
30,speed,1.0,0.7677305340766907,ang,0.0,0.4322007894515991,0.34456324577331543,-0.06215091049671173
30,speed,1.0,0.7815626859664917,ang,0.0,0.7596628665924072,1.195541501045227,0.030691634863615036
30,speed,1.0,0.8246407508850098,ang,0.0,0.17574290931224823,0.8512111306190491,-0.05999968200922012
30,speed,1.0,0.8248184323310852,ang,0.0,-0.05193950980901718,0.16089202463626862,-0.06354864686727524
30,speed,1.0,0.8820934295654297,ang,0.0,-1.0401866436004639,-0.4934771955013275,0.2851686477661133
30,speed,1.0,0.9225889444351196,ang,0.0,-1.5340869426727295,-0.7519888281822205,0.2944640815258026
30,speed,1.0,0.8639286160469055,ang,0.0,-0.02161535620689392,0.33348527550697327,0.10709670186042786
30,speed,1.0,0.8845329880714417,ang,0.0,0.317635178565979,0.1780472844839096,0.0835927352309227
30,speed,1.0,0.9354339838027954,ang,0.0,1.7281382083892822,0.764244794845581,0.1585865020751953
30,speed,1.0,0.9539706110954285,ang,0.0,0.5264406204223633,-0.26296699047088623,-0.024871964007616043
30,speed,1.0,0.9741287231445312,ang,0.0,-0.013554665260016918,-0.46078962087631226,0.051049262285232544
30,speed,1.0,0.9773984551429749,ang,0.0,-0.23411621153354645,-0.594046950340271,0.021506251767277718
30,speed,1.0,0.9016560316085815,ang,0.0,-3.2018165588378906,-0.5846330523490906,0.035093531012535095
30,speed,1.0,0.8510410785675049,ang,0.0,0.1059502512216568,-0.1731008142232895,0.04183812439441681
30,speed,1.0,0.8286263942718506,ang,0.0,0.5313370227813721,0.38984155654907227,0.03395701199769974
30,speed,1.0,0.8721445798873901,ang,0.0,0.22801880538463593,1.2869688272476196,-0.014892738312482834
30,speed,1.0,0.8899657726287842,ang,0.0,0.2841441333293915,0.9703259468078613,-0.12330733984708786
30,speed,1.0,0.9185124635696411,ang,0.0,-0.9026673436164856,0.05176244676113129,0.05558234825730324
30,speed,1.0,0.9663993716239929,ang,0.0,-0.6990815997123718,-0.8475175499916077,0.2634478509426117
30,speed,1.0,0.9561306834220886,ang,0.0,-0.5343964695930481,-0.547914981842041,0.07524994015693665
30,speed,1.0,0.9307756423950195,ang,0.0,0.32577648758888245,-0.19009658694267273,0.07141691446304321
30,speed,1.0,0.9485929012298584,ang,0.0,0.3356931805610657,0.47457316517829895,0.268920361995697
30,speed,1.0,1.0046658515930176,ang,0.0,1.4221316576004028,0.576327383518219,0.12854373455047607
30,speed,1.0,1.0143406391143799,ang,0.0,0.9095482230186462,-0.48582810163497925,-0.039646752178668976
30,speed,1.0,1.0253742933273315,ang,0.0,-0.2156958281993866,-0.4150298833847046,0.06759770214557648
30,speed,1.0,0.9914113879203796,ang,0.0,-0.8551809787750244,-1.1392196416854858,0.05134847015142441
30,speed,1.0,0.8925783038139343,ang,0.0,-1.6335088014602661,-0.27629852294921875,0.06585803627967834
30,speed,1.0,0.8448385000228882,ang,0.0,0.5535328388214111,0.11998617649078369,0.01118478737771511
30,speed,1.0,0.8145016431808472,ang,0.0,0.24663716554641724,0.6014911532402039,-0.0020901504904031754
30,speed,1.0,0.8545337915420532,ang,0.0,-0.03297465294599533,1.3762164115905762,-0.008447360247373581
30,speed,1.0,0.866030216217041,ang,0.0,1.3070595264434814,0.5259699821472168,-0.2024148851633072
30,speed,1.0,0.8819248080253601,ang,0.0,-0.672905683517456,-0.32374313473701477,0.050984397530555725
30,speed,1.0,0.9376095533370972,ang,0.0,-1.1940274238586426,-0.752198338508606,0.3515731692314148
30,speed,1.0,0.9297696352005005,ang,0.0,-0.6987792253494263,-0.6278766989707947,0.07158719748258591
30,speed,1.0,0.8997870683670044,ang,0.0,0.472085565328598,-0.2209123820066452,0.07292457669973373
30,speed,1.0,0.9215171337127686,ang,0.0,0.3175823986530304,0.22544804215431213,0.21943733096122742
30,speed,1.0,0.9798547029495239,ang,0.0,2.017193555831909,0.6011663675308228,0.17158643901348114
30,speed,1.0,0.9633468985557556,ang,0.0,0.25019562244415283,0.011539235711097717,0.04533778131008148
30,speed,1.0,0.980064868927002,ang,0.0,0.4705442786216736,-0.41295602917671204,0.003071105107665062
30,speed,1.0,0.9540138840675354,ang,0.0,-1.3121092319488525,-0.8849615454673767,0.0020304732024669647
30,speed,1.0,0.9020031094551086,ang,0.0,-1.7420059442520142,-0.35575878620147705,0.0608600415289402
30,speed,1.0,0.8452855348587036,ang,0.0,0.35230666399002075,0.03712323307991028,0.03397383540868759
30,speed,1.0,0.814508318901062,ang,0.0,0.45808711647987366,0.3437836170196533,-0.07368858903646469
30,speed,1.0,0.8320218920707703,ang,0.0,0.02647019922733307,1.2690324783325195,0.011187240481376648
30,speed,1.0,0.8676784634590149,ang,0.0,0.2452552318572998,0.9408411979675293,-0.14526712894439697
30,speed,1.0,0.8766463398933411,ang,0.0,-0.3432581126689911,0.19162094593048096,-0.07994524389505386
30,speed,1.0,0.9306804537773132,ang,0.0,-0.9929226040840149,-0.685022234916687,0.2837958335876465
30,speed,1.0,0.941679060459137,ang,0.0,-0.7891499400138855,-0.8588815331459045,0.051015038043260574
30,speed,1.0,0.9067098498344421,ang,0.0,0.13702180981636047,-0.20357723534107208,0.03666035085916519
30,speed,1.0,0.9244117140769958,ang,0.0,0.33789974451065063,0.16099825501441956,0.14785858988761902
30,speed,1.0,0.97798091173172,ang,0.0,2.006986379623413,0.6402326822280884,0.17154058814048767
30,speed,1.0,0.9931334853172302,ang,0.0,0.878642201423645,-0.1916077584028244,-0.0782732143998146
30,speed,1.0,1.001198410987854,ang,0.0,-0.2220165729522705,-0.4661083221435547,0.0730850100517273
30,speed,1.0,0.9824700951576233,ang,0.0,-0.8746755719184875,-0.9313770532608032,-0.03157989680767059
30,speed,1.0,0.9021169543266296,ang,0.0,-1.8682777881622314,-0.22085638344287872,0.06246436759829521
30,speed,1.0,0.8537397980690002,ang,0.0,0.6644904613494873,0.05937445908784866,0.02045625075697899
30,speed,1.0,0.8227217793464661,ang,0.0,0.3076179027557373,0.4444679021835327,-0.021288281306624413
30,speed,1.0,0.8465572595596313,ang,0.0,-0.1552278995513916,1.381683588027954,0.033000364899635315
30,speed,1.0,0.8753424882888794,ang,0.0,0.40089327096939087,1.0732982158660889,-0.17989012598991394
30,speed,1.0,0.8921758532524109,ang,0.0,-0.3710983395576477,0.13402043282985687,-0.0633288249373436
30,speed,1.0,0.945580005645752,ang,0.0,-0.9211286902427673,-0.6985308527946472,0.30539605021476746
30,speed,1.0,0.9496945738792419,ang,0.0,-0.4298432767391205,-0.8199461102485657,-0.003073453903198242
30,speed,1.0,0.9202610850334167,ang,0.0,0.29965776205062866,-0.569419801235199,-0.03593434393405914
30,speed,1.0,0.9313295483589172,ang,0.0,0.12720441818237305,0.20072737336158752,0.20475731790065765
30,speed,1.0,0.9860444664955139,ang,0.0,2.047625780105591,0.6670721769332886,0.15729503333568573
30,speed,1.0,0.9940982460975647,ang,0.0,0.7666631937026978,-0.21004804968833923,-0.060908619314432144
30,speed,1.0,1.0072777271270752,ang,0.0,-0.2647566795349121,-0.3072926998138428,0.055086225271224976
30,speed,1.0,0.9860948920249939,ang,0.0,-1.0570944547653198,-0.8857453465461731,-0.03990265354514122
30,speed,1.0,0.9016515016555786,ang,0.0,-1.6936367750167847,-0.28662097454071045,0.054738663136959076
30,speed,1.0,0.8524988293647766,ang,0.0,0.8478260636329651,0.06142556294798851,0.03681053966283798
30,speed,1.0,0.8254364132881165,ang,0.0,0.45828890800476074,0.4893713593482971,0.01207565888762474
30,speed,1.0,0.862288773059845,ang,0.0,-0.06339855492115021,1.3752522468566895,0.008522376418113708
30,speed,1.0,0.8766446113586426,ang,0.0,1.0891883373260498,0.7639444470405579,-0.23192277550697327
30,speed,1.0,0.901687502861023,ang,0.0,-0.41468706727027893,-0.06460262835025787,-0.009944776073098183
30,speed,1.0,0.9531603455543518,ang,0.0,-0.8650562167167664,-0.516404390335083,0.3423633277416229
30,speed,1.0,0.9748156666755676,ang,0.0,-1.0402264595031738,-0.5770277976989746,0.14104294776916504
30,speed,1.0,0.9370635151863098,ang,0.0,0.2042710930109024,-0.21533611416816711,-0.006722824648022652
30,speed,1.0,0.9573780298233032,ang,0.0,0.37482115626335144,0.3010336756706238,0.1564381867647171
30,speed,1.0,1.0132430791854858,ang,0.0,2.103203296661377,0.7669105529785156,0.11710476130247116
30,speed,1.0,1.0220484733581543,ang,0.0,0.568824052810669,-0.35746896266937256,-0.08162882924079895
30,speed,1.0,1.027011513710022,ang,0.0,-0.42662277817726135,-0.5267201066017151,0.03971090912818909
30,speed,1.0,0.9768322110176086,ang,0.0,-1.055329442024231,-1.3768023252487183,-0.0042060911655426025
30,speed,1.0,0.8558815121650696,ang,0.0,-1.950063705444336,-0.7122469544410706,0.10113883018493652
30,speed,1.0,0.7999542355537415,ang,0.0,0.7624306678771973,-0.03796140477061272,0.019052568823099136
30,speed,1.0,0.7671611309051514,ang,0.0,0.3653475344181061,0.5349969267845154,0.013719592243432999
30,speed,1.0,0.7909255623817444,ang,0.0,0.09351714700460434,1.603739857673645,0.07573122531175613
30,speed,1.0,0.8342819213867188,ang,0.0,0.7717404961585999,1.1287243366241455,-0.23216068744659424
30,speed,1.0,0.863374650478363,ang,0.0,-0.33023831248283386,-0.04181434214115143,0.033397890627384186
30,speed,1.0,0.9114996194839478,ang,0.0,-0.6518468260765076,-0.5974846482276917,0.3882203698158264
30,speed,1.0,0.8698974847793579,ang,0.0,0.22892294824123383,0.5064351558685303,0.1526876986026764
30,speed,1.0,0.8367779850959778,ang,0.0,-0.30579087138175964,-0.22129006683826447,0.25350287556648254
30,speed,1.0,0.8171587586402893,ang,0.0,0.24698284268379211,-0.3859063386917114,0.2661949396133423
30,speed,1.0,0.8615748286247253,ang,0.0,1.5505421161651611,0.6381158828735352,0.3162246346473694
30,speed,1.0,0.8786854147911072,ang,0.0,0.6501368284225464,-0.12213850021362305,0.004863183945417404
30,speed,1.0,0.8969223499298096,ang,0.0,0.18481141328811646,-0.4138681888580322,0.1644243597984314
30,speed,1.0,0.8941168785095215,ang,0.0,-1.1928720474243164,-0.8238158226013184,0.1829657405614853
30,speed,1.0,0.8733002543449402,ang,0.0,-0.09056568145751953,-1.6302961111068726,-0.009230844676494598
30,speed,1.0,0.7783574461936951,ang,0.0,-0.6506466865539551,-0.060311898589134216,0.25053924322128296
30,speed,1.0,0.7415549755096436,ang,0.0,1.041386604309082,0.3415104150772095,0.14461643993854523
30,speed,1.0,0.7227104306221008,ang,0.0,0.8029372096061707,1.0642515420913696,0.13702735304832458
30,speed,1.0,0.7746841907501221,ang,0.0,0.06490615010261536,1.9003437757492065,0.04412852227687836
30,speed,1.0,0.7986298203468323,ang,0.0,1.2626135349273682,1.0445092916488647,-0.19002309441566467
30,speed,1.0,0.8484069108963013,ang,0.0,-0.4406979978084564,0.7255565524101257,0.09456013143062592
30,speed,1.0,0.8990926742553711,ang,0.0,-0.755341649055481,0.377346932888031,0.0981893241405487
30,speed,1.0,0.8827484846115112,ang,0.0,-0.5696118474006653,0.059254929423332214,-0.10224715620279312
30,speed,1.0,0.8823325634002686,ang,0.0,0.18870073556900024,0.43659502267837524,-0.0417243130505085
30,speed,1.0,0.9142077565193176,ang,0.0,-0.02364465221762657,1.0952781438827515,0.23618191480636597
30,speed,1.0,0.9261687397956848,ang,0.0,-0.08803915977478027,0.6303948760032654,-0.07872423529624939
30,speed,1.0,0.9868205189704895,ang,0.0,0.3179754316806793,0.553835928440094,-0.06675471365451813
30,speed,1.0,1.02276611328125,ang,0.0,-0.08727555721998215,0.4573315680027008,0.021520253270864487
30,speed,1.0,1.0301880836486816,ang,0.0,-1.0139955282211304,-0.10396463423967361,-0.09341635555028915
30,speed,1.0,0.9641448259353638,ang,0.0,-1.7772057056427002,1.1682885885238647,-0.057827454060316086
30,speed,1.0,0.9682130813598633,ang,0.0,0.43549638986587524,1.7132734060287476,-0.07566586881875992
30,speed,1.0,0.937645673751831,ang,0.0,0.8498684167861938,1.2158455848693848,0.0581347830593586
30,speed,1.0,0.9413860440254211,ang,0.0,0.5768913626670837,0.9241632223129272,0.1852056235074997
30,speed,1.0,0.9846295118331909,ang,0.0,0.8746110200881958,0.28903013467788696,0.05229095369577408
30,speed,1.0,1.0082902908325195,ang,0.0,0.8349291086196899,0.10287885367870331,0.046897921711206436
30,speed,1.0,1.0341798067092896,ang,0.0,0.49238625168800354,0.10696791112422943,0.05563299357891083
30,speed,1.0,1.0376102924346924,ang,0.0,0.37900516390800476,0.21377763152122498,0.1038733571767807
30,speed,1.0,1.0294040441513062,ang,0.0,0.12372420728206635,-0.08742164075374603,0.11370235681533813
30,speed,1.0,1.0482761859893799,ang,0.0,0.9781363010406494,0.4871037006378174,0.20817281305789948
30,speed,1.0,1.0381797552108765,ang,0.0,0.32433459162712097,0.07350924611091614,-0.014822298660874367
30,speed,1.0,1.0510187149047852,ang,0.0,-0.15843695402145386,-0.02885638363659382,0.039639756083488464
30,speed,1.0,1.0470980405807495,ang,0.0,-0.35104379057884216,-0.08817360550165176,0.08470479398965836
30,speed,1.0,1.0297640562057495,ang,0.0,-0.4225787818431854,-0.039168741554021835,0.22289815545082092
30,speed,0.0,1.0165319442749023,ang,0.0,-0.3982917368412018,0.5649595260620117,0.09929440915584564
30,speed,0.0,0.8548591732978821,ang,0.0,2.628417730331421,-0.1544732004404068,0.2788453698158264
30,speed,0.0,0.7130628228187561,ang,0.0,1.667554497718811,-0.49530506134033203,0.17286327481269836
30,speed,0.0,0.5556513071060181,ang,0.0,0.8753127455711365,0.2299424260854721,-0.11110718548297882
30,speed,0.0,0.449478417634964,ang,0.0,0.4149344563484192,0.3025871515274048,-0.0030530840158462524
30,speed,0.0,0.3794141709804535,ang,0.0,0.976584792137146,0.2112388163805008,-0.04622215777635574
30,speed,0.0,0.32893458008766174,ang,0.0,0.915736734867096,0.10175423324108124,-0.015033749863505363
30,speed,0.0,0.27129754424095154,ang,0.0,0.013769540004432201,0.16775193810462952,-0.04749981686472893
30,speed,0.0,0.2118716984987259,ang,0.0,-0.03663063794374466,0.08777547627687454,0.015622645616531372
30,speed,0.0,0.1596056967973709,ang,0.0,-0.18887777626514435,-0.08289686590433121,-0.008092486299574375
30,speed,0.0,0.11888019740581512,ang,0.0,-0.3853449821472168,-0.26062434911727905,-0.017515331506729126
30,speed,0.0,0.09177347272634506,ang,0.0,-0.4029948115348816,-0.3687342405319214,-0.04883815720677376
30,speed,0.0,0.084228515625,ang,0.0,-0.23473143577575684,-0.378570556640625,-0.0159575454890728
30,speed,0.0,0.087198406457901,ang,0.0,-0.22180531919002533,-0.1557922214269638,0.05143137648701668
30,speed,0.0,0.0922183021903038,ang,0.0,-0.18089936673641205,0.1816377490758896,0.07675879448652267
30,speed,0.0,0.09119194746017456,ang,0.0,-0.20003055036067963,0.36270150542259216,0.10713065415620804
30,speed,0.0,0.08456818759441376,ang,0.0,-0.1331692487001419,0.3859340250492096,0.12222224473953247
30,speed,0.0,0.07687193155288696,ang,0.0,-0.2503264546394348,0.3158288896083832,0.12382717430591583
30,speed,0.0,0.06480543315410614,ang,0.0,-0.2719845473766327,0.22733277082443237,0.11137886345386505
30,speed,0.0,0.05222624912858009,ang,0.0,-0.2562836706638336,0.1796320676803589,0.10199454426765442
30,speed,0.0,0.040802694857120514,ang,0.0,-0.24961096048355103,0.12676849961280823,0.08566934615373611
30,speed,0.0,0.03190839663147926,ang,0.0,-0.22074532508850098,0.07716198265552521,0.06955024600028992
30,speed,0.0,0.0264767836779356,ang,0.0,-0.1690184324979782,0.04247744381427765,0.05810001119971275
30,speed,0.0,0.025469157844781876,ang,0.0,-0.10751837491989136,0.021861614659428596,0.05339410528540611
30,speed,0.0,0.02881564013659954,ang,0.0,-0.05490119010210037,0.015087268315255642,0.05656819045543671
30,speed,0.0,0.03399181738495827,ang,0.0,-0.01364035066217184,0.013054784387350082,0.06618580222129822
30,speed,0.0,0.038449086248874664,ang,0.0,-0.0027316920459270477,0.03258424624800682,0.07747458666563034
30,speed,0.0,0.040478434413671494,ang,0.0,-0.029469195753335953,0.06176877021789551,0.0853930339217186
30,speed,0.0,0.039234794676303864,ang,0.0,-0.0774349719285965,0.0764458104968071,0.08748625218868256
30,speed,0.0,0.03449232131242752,ang,0.0,-0.13656394183635712,0.07776599377393723,0.0820828378200531
30,speed,0.0,0.02708788961172104,ang,0.0,-0.1954050362110138,0.06806448847055435,0.06952138990163803
30,speed,0.0,0.018601069226861,ang,0.0,-0.21167273819446564,0.05027255415916443,0.05396024510264397
30,speed,0.0,0.011225957423448563,ang,0.0,-0.21102042496204376,0.1570650190114975,0.040090471506118774
30,speed,0.0,0.009715893305838108,ang,0.0,-0.13411395251750946,0.09303690493106842,0.030428489670157433
30,speed,0.0,0.007291825953871012,ang,0.0,-0.12363296002149582,0.07353905588388443,0.026740293949842453
30,speed,0.0,0.004810703452676535,ang,0.0,-0.11596836149692535,0.05705471709370613,0.022347595542669296
30,speed,0.0,0.0027463946025818586,ang,0.0,-0.1066405326128006,0.04039143770933151,0.019606539979577065
30,speed,0.0,0.0015732749598100781,ang,0.0,-0.09168821573257446,0.0033087527845054865,0.013858366757631302
30,speed,0.0,0.0018159988103434443,ang,0.0,-0.06196470931172371,-0.021062342450022697,0.003805481595918536
30,speed,0.0,0.0028326946776360273,ang,0.0,-0.038233302533626556,-0.026867704465985298,-0.0036477113608270884
30,speed,0.0,0.0037497386801987886,ang,0.0,-0.02302095852792263,-0.021748872473835945,-0.005641108378767967
30,speed,0.0,0.004041602835059166,ang,0.0,-0.02734818495810032,-0.014708884991705418,-0.0039781853556632996
30,speed,0.0,0.0036405266728252172,ang,0.0,-0.05670924484729767,-0.012181052006781101,-0.0018586969235911965
30,speed,0.0,0.002688170177862048,ang,0.0,-0.06439155340194702,0.006680834572762251,0.0020635523833334446
30,speed,0.0,0.00253485469147563,ang,0.0,-0.06641470640897751,0.023166591301560402,0.004185703117400408
30,speed,0.0,0.0031099177431315184,ang,0.0,-0.0702594667673111,0.03672436252236366,0.005709828808903694
30,speed,0.0,0.0038858377374708652,ang,0.0,-0.07515359669923782,0.04622848704457283,0.006085312459617853
30,speed,0.0,0.00476896483451128,ang,0.0,-0.07986802607774734,0.052652519196271896,0.004661510698497295
30,speed,0.0,0.005496211349964142,ang,0.0,-0.07426892966032028,0.05475693568587303,0.002750590443611145
30,speed,0.0,0.005947799421846867,ang,0.0,-0.06209992989897728,0.05683307722210884,0.00013084220699965954
30,speed,0.0,0.00600380077958107,ang,0.0,-0.048356931656599045,0.05573837459087372,-0.002766572404652834
30,speed,0.0,0.005521487444639206,ang,0.0,-0.0318654328584671,0.05516315996646881,-0.00513914879411459
30,speed,0.0,0.00447263615205884,ang,0.0,-0.02249189279973507,0.05296007916331291,-0.007392338942736387
30,speed,0.0,0.0029683855827897787,ang,0.0,-0.017361000180244446,0.04882912337779999,-0.009653227403759956
30,speed,0.0,0.001108993194065988,ang,0.0,-0.011460070498287678,0.0409257598221302,-0.011920894496142864
30,speed,0.0,-0.0010150596499443054,ang,0.0,-0.01707901619374752,0.027701178565621376,-0.014318960718810558
30,speed,0.0,-0.0032347531523555517,ang,0.0,-0.014662626199424267,0.010212782770395279,-0.016706299036741257
30,speed,0.0,-0.0050949095748364925,ang,0.0,-0.021041646599769592,-0.017844196408987045,-0.019811909645795822
30,speed,0.0,-0.006381134502589703,ang,0.0,-0.026829343289136887,-0.05785650014877319,-0.023788074031472206
30,speed,0.0,-0.0060515874065458775,ang,0.0,0.03764883801341057,-0.1092437282204628,-0.026721041649580002
30,speed,0.0,-0.0018418591935187578,ang,0.0,0.1089802011847496,-0.12164528667926788,-0.03203718364238739
30,speed,0.0,0.0032646546605974436,ang,0.0,0.11965882033109665,-0.0958661362528801,-0.028467921540141106
30,speed,0.0,0.005987538490444422,ang,0.0,0.053443048149347305,-0.06095563992857933,-0.018765252083539963
30,speed,0.0,0.005392474588006735,ang,0.0,-0.03448876738548279,-0.04957767575979233,-0.010029083117842674
30,speed,0.0,0.0015188225079327822,ang,0.0,-0.048939574509859085,-0.06458535045385361,0.0007946097175590694
30,speed,0.0,-0.002192489570006728,ang,0.0,-0.125602126121521,-0.015165324322879314,0.011426297016441822
30,speed,0.0,-0.0025309158954769373,ang,0.0,-0.12103471904993057,0.00578351691365242,0.012476238422095776
30,speed,0.0,-0.00145477126352489,ang,0.0,-0.10362885892391205,0.017669862136244774,0.010736687108874321
30,speed,0.0,-0.00014694272249471396,ang,0.0,-0.08114578574895859,0.027430733665823936,0.007495681755244732
30,speed,0.0,0.000715765927452594,ang,0.0,-0.04788663983345032,0.036885589361190796,0.0038588703610002995
30,speed,0.0,0.0009595062001608312,ang,0.0,-0.01581079512834549,0.04253464192152023,-2.050225157290697e-05
30,speed,0.0,0.0003544393985066563,ang,0.0,0.008485767059028149,0.04413670673966408,-0.0032820175401866436
30,speed,0.0,-0.000671013374812901,ang,0.0,0.07399222254753113,0.12099557369947433,-0.009372237138450146
30,speed,0.0,0.0009182834764942527,ang,0.0,0.05706603080034256,0.09049096703529358,-0.01931995339691639
30,speed,0.0,0.000119908363558352,ang,0.0,0.03654243424534798,0.0722092017531395,-0.02138298936188221
30,speed,0.0,-0.0018727080896496773,ang,0.0,0.020251190289855003,0.04565126448869705,-0.024124689400196075
30,speed,0.0,-0.0040045129135251045,ang,0.0,0.00731316115707159,0.012618332169950008,-0.026240967214107513
30,speed,0.0,-0.005353828892111778,ang,0.0,-0.01096060499548912,-0.15021924674510956,-0.035729147493839264
30,speed,0.0,-0.008051399141550064,ang,0.0,0.03814999759197235,-0.1776486337184906,-0.037943802773952484
30,speed,0.0,-0.004355842247605324,ang,0.0,0.14973142743110657,-0.15993696451187134,-0.03715246543288231
30,speed,0.0,0.0015586718218401074,ang,0.0,0.14775516092777252,-0.11337833851575851,-0.022531788796186447
30,speed,0.0,0.004490794613957405,ang,0.0,0.04978087544441223,-0.06311240047216415,-0.0005642176838591695
30,speed,0.0,0.0035973605699837208,ang,0.0,-0.050496846437454224,-0.04197028651833534,0.016056345775723457
30,speed,0.0,6.039050640538335e-05,ang,0.0,-0.13817504048347473,-0.05786607414484024,0.02100280672311783
30,speed,0.0,-0.004502470139414072,ang,0.0,-0.1657225340604782,0.08934330195188522,0.043528638780117035
30,speed,0.0,-0.0017411526059731841,ang,0.0,-0.1421731859445572,0.025144323706626892,0.028801387175917625
30,speed,0.0,0.00014693039702251554,ang,0.0,-0.1275469809770584,0.04192374274134636,0.0252982210367918
30,speed,0.0,0.0020430623553693295,ang,0.0,-0.08826622366905212,0.04747561737895012,0.019496122375130653
30,speed,0.0,0.003352465108036995,ang,0.0,-0.04580029472708702,0.05483272299170494,0.014977728016674519
30,speed,0.0,0.0038018247578293085,ang,0.0,-0.013544603250920773,0.060067832469940186,0.010585453361272812
30,speed,0.0,0.003189962590113282,ang,0.0,0.009438530541956425,0.06256617605686188,0.006921428721398115
30,speed,0.0,0.001708485884591937,ang,0.0,0.029672034084796906,0.06226301193237305,0.0032443501986563206
30,speed,0.0,-0.0005922264535911381,ang,0.0,0.04254116117954254,0.05563240498304367,-0.00014729093527421355
30,speed,0.0,-0.0035204426385462284,ang,0.0,0.03678182512521744,0.0428464375436306,-0.0035920524969697
30,speed,0.0,-0.006858410779386759,ang,0.0,0.028715435415506363,0.02130413055419922,-0.007464662194252014
30,speed,0.0,-0.010134343057870865,ang,0.0,0.025942232459783554,-0.0110491206869483,-0.012077949941158295
30,speed,0.0,-0.011090083047747612,ang,0.0,0.03020012378692627,-0.12716102600097656,-0.03168909251689911
30,speed,0.0,-0.008344035595655441,ang,0.0,0.13344736397266388,-0.14663445949554443,-0.040936339646577835
30,speed,0.0,-0.0005101575516164303,ang,0.0,0.25138968229293823,-0.12843993306159973,-0.03193006291985512
30,speed,0.0,0.007652129512280226,ang,0.0,0.21113801002502441,-0.08731681853532791,-0.008465893566608429
30,speed,0.0,0.011720522306859493,ang,-1.0,0.08645353466272354,-0.031577758491039276,0.018013978376984596
30,speed,0.0,0.021906249225139618,ang,-1.0,-0.1422286033630371,0.3525790274143219,-0.3445185124874115
30,speed,0.0,0.04099476337432861,ang,-1.0,-0.40111473202705383,0.23143437504768372,-0.8256021738052368
30,speed,0.0,0.04660927131772041,ang,-1.0,-0.5319182276725769,0.10925111919641495,-0.991819441318512
30,speed,0.0,0.054463110864162445,ang,-1.0,-0.37006404995918274,-0.08880046010017395,-0.9849029779434204
30,speed,0.0,0.06115364283323288,ang,-1.0,-0.1239304468035698,-0.10888241976499557,-0.9677282571792603
30,speed,0.0,0.07023932784795761,ang,-1.0,0.021220974624156952,-0.07042944431304932,-0.9232220649719238
30,speed,0.0,0.08082716166973114,ang,-1.0,-0.036716435104608536,-0.06096711754798889,-0.9211329221725464
30,speed,0.0,0.08994441479444504,ang,-1.0,-0.1953798532485962,-0.06201622635126114,-0.9121577739715576
30,speed,0.0,0.09635578095912933,ang,-1.0,0.05447208508849144,0.15834064781665802,-0.8788299560546875
30,speed,0.0,0.0958651676774025,ang,-1.0,0.30966517329216003,0.12919190526008606,-0.8576540350914001
30,speed,0.0,0.09087963402271271,ang,-1.0,0.0841766744852066,0.04243303835391998,-0.8640610575675964
30,speed,0.0,0.08529619872570038,ang,-1.0,0.09401927888393402,0.08366397023200989,-0.8398777842521667
30,speed,0.0,0.0790451169013977,ang,-1.0,0.18951177597045898,0.03438538312911987,-0.8287435173988342
30,speed,0.0,0.07118460536003113,ang,-1.0,0.08778644353151321,0.010433528572320938,-0.8177629113197327
30,speed,0.0,0.0640053004026413,ang,-1.0,0.30391186475753784,-0.06971295177936554,-0.8137585520744324
30,speed,0.0,0.05487793684005737,ang,-1.0,0.08328045904636383,-0.09374110400676727,-0.7936387658119202
30,speed,0.0,0.04546704515814781,ang,-1.0,0.1631394326686859,-0.06527434289455414,-0.7990437746047974
30,speed,0.0,0.03677007183432579,ang,-1.0,0.1204666867852211,-0.09367597848176956,-0.783518373966217
30,speed,0.0,0.026867860928177834,ang,-1.0,0.10949037969112396,-0.08770948648452759,-0.7847151160240173
30,speed,0.0,0.015477844513952732,ang,-1.0,0.07262341678142548,-0.1304793357849121,-0.7771844267845154
30,speed,0.0,0.007779622916132212,ang,-1.0,0.5896171927452087,-0.27421414852142334,-0.8110407590866089
30,speed,0.0,0.014486456289887428,ang,-1.0,0.6107524633407593,-0.40997862815856934,-0.8100713491439819
30,speed,0.0,0.027585335075855255,ang,-1.0,0.6311022043228149,-0.3328043520450592,-0.8661485910415649
30,speed,0.0,0.04328834265470505,ang,-1.0,0.4830911159515381,-0.10551276803016663,-0.9510142207145691
30,speed,0.0,0.05431932583451271,ang,-1.0,0.3635162115097046,-0.06110821291804314,-0.9588180780410767
30,speed,0.0,0.05714871361851692,ang,-1.0,0.34044501185417175,0.022426292300224304,-0.973421573638916
30,speed,0.0,0.057940855622291565,ang,-1.0,0.29624611139297485,0.09067203849554062,-0.9617104530334473
30,speed,0.0,0.05834675207734108,ang,-1.0,0.20996931195259094,0.12293972820043564,-0.9756222367286682
30,speed,0.0,0.058192070573568344,ang,-1.0,0.11918909847736359,0.07304918020963669,-0.9832439422607422
30,speed,0.0,0.056147463619709015,ang,-1.0,0.03961415961384773,0.07591486722230911,-1.007784366607666
30,speed,0.0,0.05651702731847763,ang,-1.0,-0.04464443400502205,0.009180255234241486,-0.923027515411377
30,speed,0.0,0.05715872347354889,ang,-1.0,-0.04132551699876785,-0.052692003548145294,-0.8823673725128174
30,speed,0.0,0.056785162538290024,ang,-1.0,0.07622963935136795,-0.13682496547698975,-0.833777666091919
30,speed,0.0,0.051975782960653305,ang,-1.0,0.16307730972766876,-0.22312986850738525,-0.8297357559204102
30,speed,0.0,0.04085541516542435,ang,-1.0,-0.035735122859478,-0.39777934551239014,-0.8211179971694946
30,speed,0.0,0.020723043009638786,ang,-1.0,-0.415790319442749,-0.4391462206840515,-0.8204237818717957
30,speed,0.0,0.0026381490752100945,ang,-1.0,-0.030941052362322807,-0.10407227277755737,-1.0653265714645386
30,speed,0.0,0.018169153481721878,ang,-1.0,0.47036609053611755,-0.16695380210876465,-1.002744197845459
30,speed,0.0,0.04034973308444023,ang,-1.0,0.6876822710037231,-0.16806036233901978,-0.9580289125442505
30,speed,0.0,0.056347254663705826,ang,-1.0,0.46070054173469543,-0.036028627306222916,-0.9964548945426941
30,speed,0.0,0.06971445679664612,ang,-1.0,0.3462510108947754,0.0778108537197113,-0.9964093565940857
30,speed,0.0,0.08646897971630096,ang,-1.0,0.04023640230298042,0.14073525369167328,-1.0116939544677734
30,speed,0.0,0.10137646645307541,ang,-1.0,0.1816929429769516,0.11562846601009369,-1.0043346881866455
30,speed,0.0,0.11363135278224945,ang,-1.0,0.1625017374753952,0.15417751669883728,-1.0249333381652832
30,speed,0.0,0.12432444840669632,ang,-1.0,0.23350803554058075,0.17024649679660797,-1.0102894306182861
30,speed,0.0,0.130386620759964,ang,-1.0,0.34188953042030334,0.24793845415115356,-1.0117346048355103
30,speed,0.0,0.13808178901672363,ang,-1.0,0.3343759775161743,0.28828155994415283,-0.9818132519721985
30,speed,0.0,0.14810965955257416,ang,-1.0,0.3215988874435425,0.23801560699939728,-0.921385645866394
30,speed,0.0,0.15645572543144226,ang,-1.0,0.23264122009277344,0.16268503665924072,-0.9297900199890137
30,speed,0.0,0.16536939144134521,ang,-1.0,0.1621992588043213,0.016413168981671333,-0.8844927549362183
30,speed,0.0,0.17209768295288086,ang,-1.0,0.13864147663116455,-0.024663284420967102,-0.9133495688438416
30,speed,0.0,0.18131490051746368,ang,-1.0,0.28139349818229675,0.04579176753759384,-0.9228990077972412
30,speed,0.0,0.19899921119213104,ang,-1.0,0.43833690881729126,0.17805758118629456,-0.9195702075958252
30,speed,0.0,0.2123703956604004,ang,-1.0,-0.31426364183425903,0.5276230573654175,-0.8856127262115479
30,speed,0.0,0.23505565524101257,ang,-1.0,0.6377131342887878,0.720294177532196,-0.7677799463272095
30,speed,0.0,0.2711573541164398,ang,-1.0,0.3713543117046356,0.5940380692481995,-0.7036620378494263
30,speed,0.0,0.28616198897361755,ang,-1.0,0.01794431172311306,0.6041170954704285,-0.5900306105613708
30,speed,0.0,0.2903110682964325,ang,-1.0,-0.2816164493560791,0.44909319281578064,-0.5450806021690369
30,speed,0.0,0.2976832389831543,ang,-1.0,0.1688832938671112,0.051915787160396576,-0.5879711508750916
30,speed,0.0,0.317116916179657,ang,-1.0,-0.038179606199264526,-0.2725941240787506,-0.6972491145133972
30,speed,0.0,0.3195064067840576,ang,-1.0,0.06154247745871544,0.2948996126651764,-0.8340050578117371
30,speed,0.0,0.33235812187194824,ang,-1.0,0.11320697516202927,1.3265173435211182,-0.7737681865692139
30,speed,0.0,0.4217236042022705,ang,-1.0,0.3686808943748474,1.3502689599990845,-0.7852219939231873
30,speed,0.0,0.5065764784812927,ang,-1.0,0.30586349964141846,1.41169273853302,-0.7398544549942017
30,speed,0.0,0.5613215565681458,ang,-1.0,1.9608649015426636,1.5802417993545532,-0.5127127766609192
30,speed,0.0,0.6654812097549438,ang,-1.0,1.3278857469558716,-0.7597488164901733,-0.4857577383518219
30,speed,0.0,0.7050283551216125,ang,-1.0,1.3225945234298706,-1.249751329421997,-0.7379041910171509
30,speed,0.0,0.7448368668556213,ang,-1.0,1.986611008644104,-0.5411298274993896,-1.2197308540344238
30,speed,0.0,0.8133916854858398,ang,-1.0,0.791592001914978,0.18010520935058594,-1.7721949815750122
30,speed,0.0,0.9167740941047668,ang,-1.0,0.6106101870536804,0.8000027537345886,-2.1713507175445557
30,speed,0.0,1.0270689725875854,ang,-1.0,0.9691528081893921,1.5127232074737549,-2.3955886363983154
30,speed,0.0,1.1291463375091553,ang,-1.0,-1.4767658710479736,2.151345729827881,-2.501959800720215
30,speed,0.0,0.6838481426239014,ang,0.0,7.352296352386475,1.265143632888794,-0.4982064962387085
30,speed,0.0,0.7634381651878357,ang,0.0,-3.3992459774017334,2.1726715564727783,0.07560646533966064
30,speed,0.0,0.8195960521697998,ang,0.0,-2.336723804473877,1.9828521013259888,-0.13651442527770996
30,speed,0.0,0.6474336981773376,ang,0.0,2.1547679901123047,2.5170724391937256,0.20091170072555542
30,speed,0.0,0.045803479850292206,ang,0.0,-0.668124794960022,1.2131363153457642,0.04425866901874542
30,speed,0.0,0.011819738894701004,ang,0.0,-0.24854116141796112,1.2408157587051392,-0.2712261974811554
30,speed,0.0,0.04140675067901611,ang,0.0,-0.4449412226676941,1.1429780721664429,-0.46516847610473633
30,speed,0.0,0.09522596746683121,ang,0.0,-0.8712405562400818,0.9346930980682373,-0.633934736251831
30,speed,0.0,0.013458962552249432,ang,0.0,0.0004299432039260864,0.1161772608757019,-0.5200685858726501
30,speed,0.0,0.056588366627693176,ang,0.0,1.18268620967865,0.07704682648181915,-0.4170626401901245
30,speed,0.0,-0.041431695222854614,ang,0.0,0.5566972494125366,-0.43889304995536804,-0.3493631184101105
30,speed,0.0,-0.07831735908985138,ang,0.0,1.0350924730300903,-0.3321729302406311,-0.41761314868927
30,speed,0.0,-0.04612094536423683,ang,0.0,-0.6120625138282776,-0.12752677500247955,-0.24722173810005188
30,speed,0.0,-0.016344426199793816,ang,0.0,-0.2757934331893921,-0.04562131687998772,-0.15540742874145508
30,speed,0.0,-0.003214810974895954,ang,0.0,-0.15344111621379852,-0.05166183412075043,0.009628862142562866
30,speed,0.0,0.022699519991874695,ang,0.0,-0.15324130654335022,-0.02321649342775345,0.19189676642417908
30,speed,0.0,0.05199325829744339,ang,0.0,-0.03776422515511513,0.07426571846008301,0.349500447511673
30,speed,0.0,0.027337700128555298,ang,0.0,-0.358046293258667,-0.12467529624700546,0.20142269134521484
30,speed,0.0,-0.0026842658407986164,ang,0.0,-0.04039698839187622,-0.2348906695842743,0.09429050236940384
30,speed,0.0,-0.008181440643966198,ang,0.0,0.246476948261261,-0.31254151463508606,0.12446512281894684
30,speed,0.0,0.017540786415338516,ang,0.0,-0.10508667677640915,-0.20724546909332275,0.1863279938697815
30,speed,0.0,0.011855857446789742,ang,0.0,-0.05018112435936928,-0.2565152049064636,0.18017491698265076
30,speed,0.0,0.016360074281692505,ang,0.0,-0.10703743994235992,-0.25930362939834595,0.23062565922737122
30,speed,0.0,0.014344356022775173,ang,0.0,-0.11504369229078293,-0.30255091190338135,0.2699827253818512
30,speed,0.0,0.01684356853365898,ang,0.0,-0.11730863153934479,-0.29154253005981445,0.26665908098220825
30,speed,0.0,0.021265074610710144,ang,0.0,-0.16296792030334473,-0.31586241722106934,0.27812087535858154
30,speed,0.0,0.013467386364936829,ang,0.0,-0.0853249654173851,-0.29699501395225525,0.2145584374666214
30,speed,0.0,0.02019965648651123,ang,0.0,-0.19136235117912292,-0.30024921894073486,0.2733793556690216
30,speed,0.0,0.013768580742180347,ang,0.0,-0.1476489007472992,-0.2719934284687042,0.2073068767786026
30,speed,0.0,0.012814845889806747,ang,0.0,-0.16735780239105225,-0.2687869071960449,0.2051100730895996
30,speed,0.0,0.022351639345288277,ang,0.0,-0.25715917348861694,-0.2618115246295929,0.21783727407455444
30,speed,0.0,0.011119885370135307,ang,0.0,-0.16448992490768433,-0.2432313859462738,0.1885923147201538
30,speed,0.0,0.013314568437635899,ang,0.0,-0.21120041608810425,-0.21583977341651917,0.1569671481847763
30,speed,0.0,0.014362439513206482,ang,0.0,-0.2165595293045044,-0.195103719830513,0.1383698284626007
30,speed,0.0,0.01049388200044632,ang,0.0,-0.1887577772140503,-0.19870856404304504,0.1220809817314148
30,speed,0.0,0.015230382792651653,ang,0.0,-0.15013368427753448,-0.15116208791732788,0.1034303531050682
30,speed,0.0,0.011279109865427017,ang,0.0,-0.16308259963989258,-0.10343743115663528,0.07712259143590927
30,speed,0.0,0.01167671475559473,ang,0.0,-0.23030920326709747,-0.14198648929595947,0.06316657364368439
30,speed,0.0,0.011320237070322037,ang,0.0,-0.11429490149021149,-0.07098573446273804,0.06012289598584175
30,speed,0.0,0.010251046158373356,ang,0.0,-0.108226478099823,-0.06701180338859558,0.05510394275188446
30,speed,0.0,0.01117668766528368,ang,0.0,-0.08556097000837326,-0.06178901344537735,0.035775721073150635
30,speed,0.0,0.017688598483800888,ang,0.0,-0.02267504297196865,-0.06630386412143707,0.027926120907068253
30,speed,0.0,0.016561780124902725,ang,0.0,-0.01843070611357689,-0.07117930799722672,0.020612241700291634
30,speed,0.0,0.012435521930456161,ang,0.0,-0.2115076333284378,-0.11289887130260468,0.03065589815378189
30,speed,0.0,0.01846218667924404,ang,0.0,-0.02587559074163437,-0.04344961419701576,0.013627463020384312
30,speed,0.0,0.01960243284702301,ang,0.0,-0.023079266771674156,-0.048454850912094116,-0.0026604412123560905
30,speed,0.0,0.012130910530686378,ang,0.0,-0.18555094301700592,-0.07228891551494598,0.015804357826709747
30,speed,0.0,0.01860889606177807,ang,0.0,-0.029528280720114708,-0.03259588032960892,0.002564908005297184
30,speed,0.0,0.02168579399585724,ang,0.0,0.06764750927686691,0.0018149935640394688,-0.011717060580849648
30,speed,0.0,0.015607884153723717,ang,0.0,-0.0568716898560524,-0.023681962862610817,-0.009393153712153435
30,speed,0.0,0.013499356806278229,ang,0.0,-0.07107876241207123,-0.009263157844543457,-0.005692456848919392
30,speed,0.0,0.019231541082262993,ang,0.0,0.07305142283439636,0.005853347480297089,-0.015258034691214561
30,speed,0.0,0.017425037920475006,ang,0.0,-0.030582070350646973,-0.014509155414998531,-0.01452971063554287
30,speed,0.0,0.012455022893846035,ang,0.0,-0.06926852464675903,-0.014314942993223667,-0.012052386999130249
30,speed,0.0,0.017103565856814384,ang,0.0,-0.02938416786491871,-0.01984672248363495,-0.023047175258398056
30,speed,0.0,0.01797538623213768,ang,0.0,-0.018113721162080765,-0.008823064155876637,-0.020543809980154037
30,speed,0.0,0.009055607952177525,ang,0.0,-0.09175867587327957,-0.018812406808137894,-0.006813470274209976
30,speed,0.0,0.016437238082289696,ang,0.0,-0.03377982974052429,-0.01165410690009594,-0.02136034518480301
30,speed,0.0,0.0192218367010355,ang,0.0,0.04398264363408089,0.009551304392516613,-0.028767520561814308
30,speed,0.0,0.01342038158327341,ang,0.0,-0.04486905410885811,0.008919884450733662,-0.012612013146281242
30,speed,0.0,0.018428189679980278,ang,0.0,-0.014269370585680008,-0.014437519945204258,-0.027723753824830055
30,speed,0.0,0.013947646133601665,ang,0.0,-0.0555352047085762,-0.000894070602953434,-0.007195745594799519
30,speed,0.0,0.017846593633294106,ang,0.0,0.05142452195286751,-0.00013960245996713638,-0.019983243197202682
30,speed,0.0,0.018526829779148102,ang,0.0,-0.025798186659812927,-0.016763880848884583,-0.020738324150443077
30,speed,0.0,0.016595274209976196,ang,0.0,0.059804536402225494,0.028048645704984665,-0.005234595388174057
30,speed,0.0,0.010583593510091305,ang,0.0,-0.08901794999837875,-0.018719106912612915,-0.02013012394309044
30,speed,0.0,0.013873040676116943,ang,0.0,-0.04979513958096504,-0.015111549757421017,-0.022822538390755653
30,speed,0.0,0.01697593368589878,ang,0.0,-0.026594460010528564,-0.013038505800068378,-0.027248485013842583
30,speed,0.0,0.015239201486110687,ang,0.0,-0.02532831020653248,-0.017469771206378937,-0.020366990938782692
30,speed,0.0,0.016830528154969215,ang,0.0,-0.013074781745672226,0.002893407130613923,-0.03074161522090435
30,speed,0.0,0.019151130691170692,ang,0.0,0.03133835643529892,-0.01061185821890831,-0.035454533994197845
30,speed,0.0,0.014263944700360298,ang,0.0,-0.04774554818868637,-0.013118965551257133,-0.02070552110671997
30,speed,0.0,0.015527886338531971,ang,0.0,-0.020584532991051674,-0.03210318088531494,-0.023031191900372505
30,speed,0.0,0.019422302022576332,ang,0.0,0.008703481405973434,-0.02619054727256298,-0.023837918415665627
30,speed,0.0,0.012705516070127487,ang,0.0,-0.07885187119245529,-0.005886364728212357,-0.014777322299778461
30,speed,0.0,0.01572513021528721,ang,0.0,-0.05217442661523819,-0.03889980912208557,-0.03442956879734993
30,speed,0.0,0.016751311719417572,ang,0.0,-0.04144476354122162,-0.004178134258836508,-0.02407245710492134
30,speed,0.0,0.010753962211310863,ang,0.0,-0.10043566673994064,-0.014790037646889687,-0.016274049878120422
30,speed,0.0,0.017761098220944405,ang,0.0,-0.016691820695996284,-0.018116582185029984,-0.026718657463788986
30,speed,0.0,0.0202524084597826,ang,0.0,0.016690058633685112,-0.020983051508665085,-0.026679091155529022
30,speed,0.0,0.015860168263316154,ang,0.0,0.07302592694759369,0.02101263776421547,-0.014926532283425331
30,speed,0.0,0.016820767894387245,ang,0.0,0.04164547473192215,0.009734055958688259,-0.019306501373648643
30,speed,0.0,0.01860962249338627,ang,0.0,-0.04577620327472687,-0.0020229124929755926,-0.025766391307115555
30,speed,0.0,0.015134500339627266,ang,0.0,-0.06324025988578796,0.0031654038466513157,-0.017709840089082718
30,speed,0.0,0.014656735584139824,ang,0.0,-0.0369248129427433,-0.024534037336707115,-0.023262621834874153
30,speed,0.0,0.01622387394309044,ang,0.0,-0.06608115881681442,-0.017916861921548843,-0.03834744542837143
30,speed,0.0,0.01064278930425644,ang,0.0,-0.09047235548496246,-0.009881949052214622,-0.0201939195394516
30,speed,0.0,0.01651490479707718,ang,0.0,-0.025775132700800896,-0.0134429931640625,-0.027517760172486305
30,speed,0.0,0.014412866905331612,ang,0.0,-0.059536539018154144,-0.0016981628723442554,-0.013979839161038399
30,speed,0.0,0.02036353200674057,ang,0.0,0.011864323168992996,-0.017918892204761505,-0.03183610364794731
30,speed,0.0,0.018012844026088715,ang,0.0,0.0032486633863300085,-0.02330397441983223,-0.02867140620946884
30,speed,0.0,0.015612124465405941,ang,0.0,-0.04293941706418991,-0.0048858849331736565,-0.032766133546829224
30,speed,0.0,0.010296509601175785,ang,0.0,-0.06534826755523682,-0.02166558802127838,-0.015044311061501503
30,speed,0.0,0.011385025456547737,ang,0.0,-0.06916296482086182,-0.010197657160460949,-0.020037220790982246
30,speed,0.0,0.010651051066815853,ang,0.0,-0.08989181369543076,-0.008030766621232033,-0.011906077153980732
30,speed,0.0,0.01900566555559635,ang,0.0,-0.015684351325035095,-0.011965467594563961,-0.025199709460139275
30,speed,0.0,0.015668215230107307,ang,0.0,-0.04853629320859909,-0.0071633355692029,-0.01623799279332161
30,speed,0.0,0.013336178846657276,ang,0.0,-0.06984598934650421,0.0003431648947298527,-0.018046747893095016
30,speed,0.0,0.009784800931811333,ang,0.0,-0.09115228056907654,-0.013874685391783714,-0.015068493783473969
30,speed,0.0,0.015695441514253616,ang,0.0,-0.06397174298763275,-0.011612385511398315,-0.020241577178239822
30,speed,0.0,0.017190981656312943,ang,0.0,0.02407326176762581,0.01280960813164711,-0.025277676060795784
30,speed,0.0,0.021512772887945175,ang,0.0,0.025825871154665947,-0.022252194583415985,-0.02676679566502571
30,speed,0.0,0.01633329689502716,ang,0.0,-0.04560484737157822,0.004048035945743322,-0.021201519295573235
30,speed,0.0,0.013342797756195068,ang,0.0,-0.06312775611877441,-0.012831871397793293,-0.02295525372028351
30,speed,0.0,0.018540842458605766,ang,0.0,-0.01899493671953678,-0.005001077428460121,-0.026778491213917732
30,speed,0.0,0.01639600470662117,ang,0.0,0.05946643278002739,0.020903555676341057,-0.03514961525797844
