30,speed,0.0,-0.75766921043396,ang,0.0,-0.2567315399646759,-0.16954772174358368,-0.1120796650648117
30,speed,0.0,-0.704781711101532,ang,0.0,-1.2669569253921509,-0.6240480542182922,0.16312849521636963
30,speed,0.0,-0.617463231086731,ang,0.0,-0.8107556700706482,-0.5756685733795166,-0.06977438926696777
30,speed,0.0,-0.522918164730072,ang,0.0,0.3546866774559021,-1.0427405834197998,0.13417282700538635
30,speed,0.0,-0.4492945671081543,ang,0.0,-0.5921804308891296,-0.5233260989189148,0.06335137784481049
30,speed,0.0,-0.3845435380935669,ang,0.0,-0.842757523059845,0.1245313361287117,-0.005275784060359001
30,speed,0.0,-0.3185424506664276,ang,0.0,-0.0842469185590744,0.3452221751213074,0.004101191647350788
30,speed,0.0,-0.258025586605072,ang,0.0,-0.20406724512577057,0.528060257434845,0.04708734154701233
30,speed,0.0,-0.20278975367546082,ang,0.0,-0.03456956893205643,0.4906390607357025,0.05173541605472565
30,speed,0.0,-0.15319570899009705,ang,0.0,0.013629978522658348,0.2456638216972351,0.08632206916809082
30,speed,0.0,-0.11464042961597443,ang,0.0,0.08230803161859512,0.06546977907419205,0.10423211753368378
30,speed,0.0,-0.09090375900268555,ang,0.0,-0.01783578097820282,-0.0016132459277287126,0.10091648995876312
30,speed,0.0,-0.0772850438952446,ang,0.0,-0.052068717777729034,-0.015034308657050133,0.05835200473666191
30,speed,0.0,-0.06175139918923378,ang,0.0,-0.21414543688297272,0.06879973411560059,0.05819820985198021
30,speed,0.0,-0.04400443658232689,ang,0.0,-0.028110556304454803,0.11888769268989563,0.08193403482437134
30,speed,0.0,-0.026638248935341835,ang,0.0,0.0880574956536293,-0.00172258575912565,0.09599769115447998
30,speed,0.0,-0.015803270041942596,ang,0.0,0.08724045753479004,-0.03388994187116623,0.09496341645717621
30,speed,0.0,-0.007587866857647896,ang,0.0,-0.024724632501602173,-0.019836558029055595,0.08760947734117508
30,speed,0.0,0.0006601741770282388,ang,0.0,0.2724628746509552,0.0028562613297253847,0.08545538783073425
30,speed,0.0,0.005429266020655632,ang,0.0,-0.1809113621711731,-0.027211993932724,0.08400370180606842
30,speed,0.0,0.009094176813960075,ang,0.0,0.0701209306716919,0.05530523508787155,0.08004528284072876
30,speed,0.0,0.011989599093794823,ang,0.0,-0.004248589277267456,0.051213283091783524,0.08987080305814743
30,speed,0.0,0.013571861200034618,ang,0.0,-0.014088373631238937,0.04341745749115944,0.08937053382396698
30,speed,0.0,0.014161206781864166,ang,0.0,-0.08334698528051376,0.0421476773917675,0.09036831557750702
30,speed,0.0,0.014438852667808533,ang,0.0,-0.09492619335651398,0.033014677464962006,0.08920909464359283
30,speed,0.0,0.014165660366415977,ang,0.0,-0.08410365134477615,0.03621821478009224,0.08613470196723938
30,speed,0.0,0.01370034646242857,ang,0.0,-0.11243047565221786,0.028141064569354057,0.08886027336120605
30,speed,0.0,0.012761990539729595,ang,0.0,-0.09754069149494171,0.0311973188072443,0.08875717967748642
30,speed,0.0,0.011918637901544571,ang,0.0,-0.11226900666952133,0.028392277657985687,0.08720627427101135
30,speed,0.0,0.011024092324078083,ang,0.0,-0.10935325175523758,0.030530739575624466,0.0835706889629364
30,speed,0.0,0.010109289549291134,ang,0.0,-0.10632924735546112,0.02998506836593151,0.08779831230640411
30,speed,0.0,0.008975711651146412,ang,0.0,-0.10287879407405853,0.03677309677004814,0.08388446271419525
30,speed,0.0,0.008239139802753925,ang,0.0,-0.09575895220041275,0.034540269523859024,0.08520860970020294
30,speed,0.0,0.007411015219986439,ang,0.0,-0.0970732569694519,0.034898772835731506,0.07902467250823975
30,speed,0.0,0.006620671600103378,ang,0.0,-0.0926126167178154,0.039912205189466476,0.08635899424552917
30,speed,0.0,0.00580311706289649,ang,0.0,-0.08278203755617142,0.03955913335084915,0.07912807166576385
30,speed,0.0,0.005247633438557386,ang,0.0,-0.06706070899963379,0.039423998445272446,0.07850999385118484
30,speed,0.0,0.004477189388126135,ang,0.0,-0.07252828776836395,0.03770546615123749,0.08367504924535751
30,speed,0.0,0.0037505452055484056,ang,0.0,-0.06533326208591461,0.036371566355228424,0.07711239904165268
30,speed,0.0,0.0033044444862753153,ang,0.0,-0.055192943662405014,0.03531893715262413,0.0715746134519577
30,speed,0.0,0.0027684231754392385,ang,0.0,-0.06928741931915283,0.03551870584487915,0.08213075250387192
30,speed,0.0,0.002198093570768833,ang,0.0,-0.05521509423851967,0.032435107976198196,0.07697613537311554
30,speed,0.0,0.001991712488234043,ang,0.0,-0.05984969064593315,0.025676120072603226,0.07095170021057129
30,speed,0.0,0.0016763528110459447,ang,1.0,-0.04220572113990784,0.027694158256053925,0.06765755265951157
30,speed,0.0,-0.006487846840173006,ang,1.0,0.1892748922109604,0.5487942099571228,0.576069176197052
30,speed,0.0,-0.02837624028325081,ang,1.0,0.27916648983955383,0.5488945841789246,0.8905684947967529
30,speed,0.0,-0.04743002727627754,ang,1.0,-0.059558719396591187,0.4110555052757263,1.0379866361618042
30,speed,0.0,-0.04882017895579338,ang,1.0,-0.09030324220657349,0.3214063048362732,1.048749566078186
30,speed,0.0,-0.0339948870241642,ang,1.0,0.29503005743026733,0.28281253576278687,1.063807487487793
30,speed,0.0,-0.02603451907634735,ang,1.0,0.11451024562120438,0.24088123440742493,1.0995804071426392
30,speed,0.0,-0.03137900307774544,ang,1.0,-0.1260140985250473,0.16437968611717224,1.132785439491272
30,speed,0.0,-0.04059745743870735,ang,1.0,-0.1895042061805725,0.12138795852661133,1.1953784227371216
30,speed,0.0,-0.04906706511974335,ang,1.0,-0.25176283717155457,0.4314616024494171,1.1635388135910034
30,speed,0.0,-0.04460541531443596,ang,1.0,-0.2333977371454239,0.18546342849731445,1.143656849861145
30,speed,0.0,-0.0452621765434742,ang,1.0,-0.18503892421722412,0.08847983926534653,1.110974669456482
30,speed,0.0,-0.04611827805638313,ang,1.0,-0.14423418045043945,0.022560855373740196,1.0783830881118774
30,speed,0.0,-0.04772636294364929,ang,1.0,-0.09886907041072845,-0.022346965968608856,1.0497758388519287
30,speed,0.0,-0.04936836287379265,ang,1.0,-0.06198563426733017,-0.0589754618704319,1.0233371257781982
30,speed,0.0,-0.05084221065044403,ang,1.0,-0.053550682961940765,-0.09470392763614655,0.996828556060791
30,speed,0.0,-0.05208886042237282,ang,1.0,-0.014045343734323978,-0.12618103623390198,0.966847836971283
30,speed,0.0,-0.05279269069433212,ang,1.0,0.002038882113993168,-0.1674254834651947,0.9293804168701172
30,speed,0.0,-0.05315118655562401,ang,1.0,0.003047688864171505,-0.22009003162384033,0.8855218887329102
30,speed,0.0,-0.05228753387928009,ang,0.0,-0.009210140444338322,-0.3126513361930847,0.8234973549842834
30,speed,0.0,-0.027351150289177895,ang,0.0,-0.6949225068092346,0.013675712049007416,0.1427764594554901
30,speed,0.0,-0.0031280978582799435,ang,0.0,-0.36530476808547974,0.027868380770087242,-0.11744615435600281
30,speed,1.0,0.0034501540940254927,ang,0.0,0.1292673796415329,-0.231066033244133,-0.10717391222715378
30,speed,1.0,0.08904421329498291,ang,0.0,-1.2201213836669922,-0.039686381816864014,-0.0029286821372807026
30,speed,1.0,0.1639077067375183,ang,0.0,-0.93821781873703,0.5697436928749084,0.04589495435357094
30,speed,1.0,0.24311447143554688,ang,0.0,-0.6054125428199768,0.6737377643585205,0.048392608761787415
30,speed,1.0,0.3318602740764618,ang,0.0,-0.3962295651435852,0.40794721245765686,-0.016496937721967697
30,speed,1.0,0.41457515954971313,ang,0.0,-0.19553236663341522,0.12219350785017014,-0.07585495710372925
30,speed,1.0,0.47484952211380005,ang,0.0,0.21572239696979523,0.4470217525959015,0.11538263410329819
30,speed,1.0,0.5372965931892395,ang,0.0,0.36169663071632385,-0.3177528381347656,-0.009904188103973866
30,speed,1.0,0.5893570184707642,ang,0.0,-1.0647984743118286,-0.13107618689537048,-0.07430175691843033
30,speed,1.0,0.6776768565177917,ang,0.0,0.2949070930480957,0.21803000569343567,-0.1883375346660614
30,speed,1.0,0.752105712890625,ang,0.0,0.6269155144691467,0.1804080605506897,-0.3175927996635437
30,speed,1.0,0.8191989064216614,ang,0.0,0.6670675873756409,-0.01985691860318184,-0.16858065128326416
30,speed,1.0,0.8506007194519043,ang,0.0,0.16718026995658875,-0.6587262749671936,-0.02063687890768051
30,speed,1.0,0.8803013563156128,ang,0.0,0.42273932695388794,-0.9954031109809875,0.28574037551879883
30,speed,1.0,0.8129788637161255,ang,0.0,0.2925032079219818,-0.3395845890045166,0.27053147554397583
30,speed,1.0,0.8560548424720764,ang,0.0,0.5138725638389587,-0.673028826713562,-0.0913720354437828
30,speed,1.0,0.8813894391059875,ang,0.0,-0.09862171858549118,-0.8956950902938843,-0.1486247032880783
30,speed,1.0,0.8969943523406982,ang,0.0,-0.20487041771411896,-0.8224723935127258,-0.09814857691526413
30,speed,1.0,0.8706770539283752,ang,0.0,0.25100255012512207,0.038001131266355515,0.08896123617887497
30,speed,1.0,0.8788935542106628,ang,0.0,0.25856679677963257,-0.45010244846343994,0.041561417281627655
30,speed,1.0,0.9040225148200989,ang,0.0,0.1648351401090622,-0.19873733818531036,0.12854553759098053
30,speed,1.0,0.9259762763977051,ang,0.0,-0.16510026156902313,0.1477304995059967,0.007853472605347633
30,speed,1.0,0.9557292461395264,ang,0.0,0.13329870998859406,0.1597481369972229,-0.038230329751968384
30,speed,1.0,0.9794371128082275,ang,0.0,0.08343233913183212,-0.03956937789916992,-0.03935140743851662
30,speed,1.0,0.9817336797714233,ang,0.0,-0.008553514257073402,-0.06941615045070648,-0.005074355285614729
30,speed,1.0,0.9665554761886597,ang,0.0,-0.2020624876022339,-0.3838546574115753,0.11529363691806793
30,speed,1.0,0.9508090019226074,ang,0.0,-0.48115232586860657,0.7027100920677185,-0.006055863574147224
30,speed,1.0,0.9834161996841431,ang,0.0,0.8598999977111816,-0.33844807744026184,-0.016155032441020012
30,speed,1.0,1.0023555755615234,ang,0.0,0.5798323750495911,-0.20606571435928345,-0.13365034759044647
30,speed,1.0,1.0050193071365356,ang,0.0,-0.2821146547794342,-0.25732824206352234,-0.07732553035020828
30,speed,1.0,0.972553551197052,ang,0.0,0.16935177147388458,0.39812660217285156,-0.0031247050501406193
30,speed,1.0,0.9494335651397705,ang,0.0,0.2002079039812088,0.09692827612161636,-0.015279638580977917
30,speed,1.0,0.9498160481452942,ang,0.0,-0.011672119610011578,0.04574236646294594,0.02850881963968277
30,speed,1.0,0.9692317843437195,ang,0.0,-0.6229003667831421,0.4622209966182709,0.004978831857442856
30,speed,1.0,0.9857157468795776,ang,0.0,-0.14951331913471222,0.20937645435333252,-0.09192387014627457
30,speed,1.0,1.008551001548767,ang,0.0,-0.18020044267177582,-0.10277029871940613,-0.07866723835468292
30,speed,1.0,1.0131151676177979,ang,0.0,-0.23790551722049713,-0.21132270991802216,-0.02069821022450924
30,speed,1.0,0.997876763343811,ang,0.0,-0.3232143521308899,-0.37866705656051636,0.0957341268658638
30,speed,1.0,0.9724417328834534,ang,0.0,-0.5592215657234192,0.5485652685165405,-0.015758469700813293
30,speed,1.0,0.9897043108940125,ang,0.0,0.7039815783500671,-0.4642844796180725,0.021563684567809105
30,speed,1.0,1.0067967176437378,ang,0.0,0.30160409212112427,-0.4234924614429474,-0.14420947432518005
30,speed,1.0,1.001076579093933,ang,0.0,-0.2500018775463104,-0.35900333523750305,-0.1267772763967514
30,speed,1.0,0.953950047492981,ang,0.0,0.3061481714248657,0.48873111605644226,0.0531117245554924
30,speed,1.0,0.9515019059181213,ang,0.0,0.12885098159313202,-0.19196395576000214,0.009614833630621433
30,speed,1.0,0.9607023596763611,ang,0.0,0.05245145410299301,0.006043252069503069,0.08853469043970108
30,speed,1.0,0.9749321937561035,ang,0.0,-0.3968837857246399,0.30439135432243347,-0.016482586041092873
30,speed,1.0,0.9942389130592346,ang,0.0,-0.025948932394385338,0.1886683702468872,-0.06490758061408997
30,speed,1.0,1.0101768970489502,ang,0.0,-0.08540672063827515,-0.0689811259508133,-0.05324915051460266
30,speed,1.0,1.0055314302444458,ang,0.0,-0.13565798103809357,-0.1421808898448944,0.003629083978012204
30,speed,1.0,0.9922455549240112,ang,0.0,-0.13045357167720795,-0.508006751537323,0.1290784329175949
30,speed,1.0,0.9622341990470886,ang,0.0,0.3506413400173187,0.39063072204589844,0.053166523575782776
30,speed,1.0,0.9896842241287231,ang,0.0,0.713087797164917,-0.3112078011035919,-0.04612838849425316
30,speed,1.0,1.0048010349273682,ang,0.0,-0.005189198534935713,-0.19189468026161194,-0.12601794302463531
30,speed,1.0,1.0039101839065552,ang,0.0,-0.3150597810745239,-0.1798745095729828,-0.10752379149198532
30,speed,1.0,0.9635596871376038,ang,0.0,0.3887881636619568,0.5535106658935547,0.024005984887480736
30,speed,1.0,0.9608981013298035,ang,0.0,-0.012425133027136326,-0.07994577288627625,-0.009490406140685081
30,speed,1.0,0.9704094529151917,ang,0.0,-0.059078946709632874,0.12931418418884277,0.07027854770421982
30,speed,1.0,0.9796112775802612,ang,0.0,-0.4427814781665802,0.268390029668808,-0.04295024275779724
30,speed,1.0,1.0014498233795166,ang,0.0,-0.12429755181074142,0.12641631066799164,-0.06712113320827484
30,speed,1.0,1.0172721147537231,ang,0.0,-0.1444920301437378,-0.11606099456548691,-0.05121992155909538
30,speed,1.0,1.0122672319412231,ang,0.0,-0.17852836847305298,-0.16880176961421967,0.005634678062051535
30,speed,1.0,1.000795841217041,ang,0.0,-0.16970069706439972,-0.4671158492565155,0.1176183670759201
30,speed,1.0,0.9663227200508118,ang,0.0,0.4969257414340973,0.3675110638141632,0.060130245983600616
30,speed,1.0,0.9957478642463684,ang,0.0,0.6948956847190857,-0.3414326310157776,-0.05114198848605156
30,speed,1.0,1.008160948753357,ang,0.0,-0.006166981998831034,-0.22607433795928955,-0.12997432053089142
30,speed,1.0,1.0049328804016113,ang,0.0,-0.2900320589542389,-0.21419855952262878,-0.10182738304138184
30,speed,1.0,0.9633443355560303,ang,0.0,0.41949397325515747,0.528111457824707,0.02822515182197094
30,speed,1.0,0.9611518383026123,ang,0.0,-0.015128342434763908,-0.09737178683280945,-0.0066468422301113605
30,speed,1.0,0.9721813797950745,ang,0.0,-0.04643866792321205,0.14957047998905182,0.07327088713645935
30,speed,1.0,0.9809181094169617,ang,0.0,-0.4047856330871582,0.25272321701049805,-0.0436127744615078
30,speed,1.0,1.0013642311096191,ang,0.0,-0.10225886851549149,0.09773193299770355,-0.07056460529565811
30,speed,1.0,1.0147297382354736,ang,0.0,-0.12901106476783752,-0.12466079741716385,-0.04693479463458061
30,speed,1.0,1.007558822631836,ang,0.0,-0.17100200057029724,-0.19968684017658234,0.010232658125460148
30,speed,1.0,0.9835835099220276,ang,0.0,-0.6160916090011597,0.04968234524130821,0.010946087539196014
30,speed,1.0,0.9649829864501953,ang,0.0,0.8283774256706238,0.26166683435440063,0.055799391120672226
30,speed,1.0,0.9999735951423645,ang,0.0,0.78031325340271,-0.3516177237033844,-0.07340593636035919
30,speed,1.0,1.0101290941238403,ang,0.0,-0.08353760093450546,-0.23442067205905914,-0.11518358439207077
30,speed,1.0,1.0041258335113525,ang,0.0,-0.3200456500053406,-0.1884043663740158,-0.09375342726707458
30,speed,1.0,0.9612693786621094,ang,0.0,0.39091774821281433,0.523651123046875,0.026929480955004692
30,speed,1.0,0.960271418094635,ang,0.0,-0.07382849603891373,-0.11178728938102722,-0.0051672691479325294
30,speed,1.0,0.9736071825027466,ang,0.0,-0.08833006024360657,0.1897727996110916,0.07449201494455338
30,speed,1.0,0.9731224179267883,ang,0.0,-0.48096564412117004,0.04326746612787247,-0.112419992685318
30,speed,1.0,0.9983749985694885,ang,0.0,-0.11698300391435623,0.06575991958379745,-0.0571240559220314
30,speed,1.0,1.0034844875335693,ang,0.0,-0.24590948224067688,-0.26989635825157166,-0.06673025339841843
30,speed,1.0,0.9876543879508972,ang,0.0,-0.5706239938735962,-0.3381709158420563,-0.00593659607693553
30,speed,1.0,0.978481650352478,ang,0.0,-0.39281511306762695,-0.6751601696014404,0.16865597665309906
30,speed,1.0,0.907074511051178,ang,0.0,0.3582601845264435,-0.2525966763496399,0.11915946751832962
30,speed,1.0,0.9208233952522278,ang,0.0,0.6203945279121399,-0.6234045624732971,-0.03975718468427658
30,speed,1.0,0.9243158102035522,ang,0.0,0.26954495906829834,-0.5613139271736145,-0.036609482020139694
30,speed,1.0,0.9106249809265137,ang,0.0,-0.3494327664375305,-0.6127574443817139,-0.01924861967563629
30,speed,1.0,0.8840935826301575,ang,0.0,0.011257635429501534,-0.043219052255153656,0.05645447224378586
30,speed,1.0,0.8805856108665466,ang,0.0,0.31426146626472473,-0.32838916778564453,0.006684174761176109
30,speed,1.0,0.8960939645767212,ang,0.0,-0.1989395171403885,-0.16169853508472443,0.1419796347618103
30,speed,1.0,0.9560081362724304,ang,0.0,0.5273220539093018,0.4760572910308838,0.09425707161426544
30,speed,1.0,0.9822786450386047,ang,0.0,0.1369514763355255,0.70219886302948,-0.035402070730924606
30,speed,1.0,0.9784756302833557,ang,0.0,0.14559750258922577,-0.08059285581111908,-0.3048616647720337
30,speed,1.0,0.9481202960014343,ang,0.0,-0.25624072551727295,-0.1233120933175087,-0.18682152032852173
30,speed,1.0,0.9241587519645691,ang,0.0,-0.20139065384864807,-0.15464217960834503,-0.10325289517641068
30,speed,1.0,0.8998136520385742,ang,0.0,-0.9854574203491211,-0.7785935997962952,-0.28310954570770264
30,speed,1.0,0.908126175403595,ang,0.0,-0.23568172752857208,-1.3496347665786743,-0.45939141511917114
30,speed,1.0,0.9066959619522095,ang,0.0,0.30972570180892944,-0.7485130429267883,-0.3017011880874634
30,speed,1.0,0.8361584544181824,ang,0.0,0.5456563234329224,-1.253358006477356,-0.04794466495513916
30,speed,1.0,0.7799001336097717,ang,0.0,0.5141980648040771,-1.2504571676254272,0.09034503996372223
30,speed,1.0,0.7225906252861023,ang,0.0,0.6471309065818787,0.07573376595973969,0.15828165411949158
30,speed,1.0,0.7565812468528748,ang,0.0,0.012019945308566093,-0.9298444390296936,0.05261052027344704
30,speed,1.0,0.7915080785751343,ang,0.0,-0.8064378499984741,-0.22700779139995575,0.2418096959590912
30,speed,1.0,0.7639499306678772,ang,0.0,-1.03481924533844,-0.9457250833511353,-0.13271944224834442
30,speed,1.0,0.7700565457344055,ang,0.0,-0.3738701641559601,-1.4193403720855713,0.16650506854057312
30,speed,1.0,0.7474156618118286,ang,0.0,-0.07914324104785919,-1.2953176498413086,0.07984914630651474
30,speed,1.0,0.7430893182754517,ang,0.0,-0.6654043197631836,-1.1376121044158936,0.03366086259484291
30,speed,1.0,0.7614930272102356,ang,0.0,-0.2739042639732361,-0.6435620784759521,-0.0031169578433036804
30,speed,1.0,0.8078805804252625,ang,0.0,0.5335748195648193,-0.2550337016582489,-0.06647812575101852
30,speed,1.0,0.7776521444320679,ang,0.0,0.6664942502975464,-0.6581529974937439,-0.1565917432308197
30,speed,1.0,0.6996506452560425,ang,0.0,1.1662043333053589,-1.224908709526062,-0.016717221587896347
30,speed,1.0,0.6758780479431152,ang,0.0,0.5728057622909546,-0.8096998333930969,-0.17432242631912231
30,speed,1.0,0.7178175449371338,ang,0.0,0.2884153723716736,-1.369540810585022,-0.32511457800865173
30,speed,1.0,0.7019969820976257,ang,0.0,0.06089673936367035,-0.3752721846103668,-0.12176451086997986
30,speed,1.0,0.6799154281616211,ang,0.0,1.3874390125274658,-0.25242850184440613,-0.1297677606344223
30,speed,1.0,0.7127331495285034,ang,0.0,-0.06258883327245712,-0.2771581709384918,0.21234911680221558
30,speed,1.0,0.6324388980865479,ang,0.0,-0.9813153743743896,0.29614582657814026,0.23905624449253082
30,speed,1.0,0.589038074016571,ang,0.0,0.7934103608131409,0.9327126145362854,-0.03972400352358818
30,speed,1.0,0.614745020866394,ang,0.0,0.3851649761199951,0.9943249225616455,-0.16236236691474915
30,speed,1.0,0.6562624573707581,ang,0.0,1.5663211345672607,0.9600809812545776,-0.08345837146043777
30,speed,1.0,0.5874850749969482,ang,0.0,0.7812030911445618,0.42921915650367737,0.18544605374336243
30,speed,1.0,0.5079757571220398,ang,0.0,-1.3852498531341553,-1.148248314857483,-0.056800633668899536
30,speed,1.0,0.5483593344688416,ang,0.0,1.0027470588684082,0.0833323746919632,-0.17885741591453552
30,speed,1.0,0.47224918007850647,ang,0.0,1.2446887493133545,-0.9461999535560608,-0.29290512204170227
30,speed,1.0,0.45779964327812195,ang,0.0,-0.4948386251926422,-0.1375569999217987,-0.9513621926307678
30,speed,1.0,0.5188083648681641,ang,0.0,-0.9232180714607239,-1.1878786087036133,-1.0493507385253906
30,speed,1.0,0.5388888120651245,ang,0.0,0.8179922699928284,-1.7916090488433838,-0.42908912897109985
30,speed,1.0,0.5324631929397583,ang,0.0,0.10388250648975372,-1.4814894199371338,-0.21654389798641205
30,speed,1.0,0.5183353424072266,ang,0.0,-0.346344530582428,-1.1587896347045898,-0.14923195540905
30,speed,1.0,0.5694291591644287,ang,0.0,1.042325496673584,-0.2478533238172531,0.26247963309288025
30,speed,1.0,0.6027823090553284,ang,0.0,0.9199231863021851,0.9983776807785034,0.25073984265327454
30,speed,1.0,0.5274547934532166,ang,0.0,-0.4119471311569214,1.5911352634429932,0.09584520757198334
30,speed,1.0,0.5213422179222107,ang,0.0,0.31456929445266724,0.33581000566482544,-0.019544895738363266
30,speed,1.0,0.5674839615821838,ang,0.0,0.6000571250915527,-0.5782654881477356,0.0384824313223362
30,speed,1.0,0.576695442199707,ang,0.0,-0.11592773348093033,0.20069409906864166,0.1911379098892212
30,speed,1.0,0.5779746770858765,ang,0.0,-1.5895061492919922,-0.10748226195573807,0.30254605412483215
30,speed,1.0,0.5864322781562805,ang,0.0,-0.2505923807621002,-0.5163158774375916,0.11593348532915115
30,speed,1.0,0.58412766456604,ang,0.0,0.51741623878479,-0.5498412251472473,0.04796575754880905
30,speed,1.0,0.5544300079345703,ang,0.0,0.8572219610214233,0.3108580708503723,-0.39451783895492554
30,speed,1.0,0.5457053780555725,ang,0.0,0.150999516248703,0.9987010359764099,-0.6960150003433228
30,speed,1.0,0.5789551138877869,ang,0.0,0.4409725069999695,0.41795361042022705,-0.7901706099510193
30,speed,1.0,0.6216711401939392,ang,0.0,-0.1961076557636261,-0.2526577413082123,-0.6525518894195557
30,speed,1.0,0.6470583081245422,ang,0.0,-0.46329814195632935,-0.4761539101600647,-0.34704554080963135
30,speed,1.0,0.6311324238777161,ang,0.0,-2.014939308166504,0.10488352179527283,0.11848185956478119
30,speed,1.0,0.5778622031211853,ang,0.0,-3.7727789878845215,1.6600801944732666,0.3151467442512512
30,speed,1.0,0.5664864182472229,ang,0.0,-0.552588164806366,1.0328930616378784,-0.09911574423313141
30,speed,1.0,0.5716564059257507,ang,0.0,1.8713163137435913,1.0278319120407104,0.01679931953549385
30,speed,1.0,0.5820193886756897,ang,0.0,1.4894663095474243,1.4500888586044312,-0.1849132478237152
30,speed,1.0,0.6295769810676575,ang,0.0,0.5677552819252014,0.989530622959137,0.08416146785020828
30,speed,1.0,0.7158991098403931,ang,0.0,-2.341078042984009,-0.12622880935668945,0.4498705565929413
30,speed,1.0,0.7779049873352051,ang,0.0,-0.28012382984161377,-0.15691924095153809,-0.020928340032696724
30,speed,1.0,0.82905513048172,ang,0.0,-0.18267172574996948,-0.22610673308372498,-0.18221834301948547
30,speed,1.0,0.8704008460044861,ang,0.0,-0.7952938675880432,-0.1469799280166626,-0.15769849717617035
30,speed,1.0,0.6729732751846313,ang,0.0,0.870808482170105,0.6375933885574341,1.6205964088439941
30,speed,1.0,0.4928252696990967,ang,0.0,1.0317180156707764,-1.0717021226882935,1.3755781650543213
30,speed,1.0,0.24715548753738403,ang,0.0,-0.08031973242759705,-1.4903074502944946,1.6270910501480103
30,speed,1.0,-0.0036136587150394917,ang,0.0,-0.8171585202217102,0.16294194757938385,1.3497109413146973
30,speed,1.0,-0.1290610283613205,ang,0.0,-0.1646110564470291,-0.4338792860507965,0.6972643733024597
30,speed,1.0,-0.1922580748796463,ang,0.0,0.7091575860977173,-0.8591123223304749,0.19503875076770782
30,speed,1.0,-0.23917223513126373,ang,0.0,1.3529512882232666,-0.5852255821228027,-0.2649366855621338
30,speed,1.0,-0.2843739092350006,ang,0.0,1.1276750564575195,-0.28141915798187256,-0.3277641236782074
30,speed,1.0,-0.28631773591041565,ang,0.0,0.24078580737113953,-0.11816014349460602,-0.14636769890785217
30,speed,1.0,-0.2927197515964508,ang,0.0,-0.7623797655105591,0.4136125445365906,0.03492249548435211
30,speed,1.0,-0.4100487232208252,ang,0.0,-0.5530052781105042,0.19680269062519073,0.015741469338536263
30,speed,1.0,-0.44395655393600464,ang,0.0,1.0063728094100952,1.6948728561401367,-0.6321880221366882
30,speed,1.0,-0.3831602931022644,ang,0.0,0.3141985833644867,2.1975603103637695,-0.734427273273468
30,speed,1.0,-0.32981714606285095,ang,0.0,-0.5286247134208679,1.707105040550232,-0.4345027208328247
30,speed,1.0,-0.20818501710891724,ang,0.0,0.47686025500297546,0.7483038902282715,-0.657690167427063
30,speed,1.0,-0.10905218869447708,ang,0.0,0.5149127244949341,-0.23646730184555054,-0.7538177967071533
30,speed,1.0,-0.04184107482433319,ang,0.0,0.6158065795898438,-1.2016034126281738,-0.8305074572563171
30,speed,1.0,0.05662469193339348,ang,0.0,0.28228044509887695,-0.10679800808429718,-1.3517464399337769
30,speed,1.0,0.2098865658044815,ang,0.0,0.42186665534973145,-0.5315178036689758,-1.489001750946045
30,speed,1.0,0.33334505558013916,ang,0.0,-0.06505914032459259,-1.0250184535980225,-1.3091189861297607
30,speed,1.0,0.4186696708202362,ang,0.0,-0.12272311747074127,-1.1601642370224,-1.1471351385116577
30,speed,1.0,0.4950128495693207,ang,0.0,-0.2344382107257843,-1.1126043796539307,-1.0808944702148438
30,speed,1.0,0.5525578856468201,ang,0.0,0.9176732301712036,-0.8671698570251465,-0.1823761910200119
30,speed,1.0,0.5762582421302795,ang,0.0,0.6273913979530334,-0.37992167472839355,0.35471293330192566
30,speed,1.0,0.5820384621620178,ang,0.0,-0.4181741774082184,-0.11316151916980743,0.0982261672616005
30,speed,1.0,0.628661572933197,ang,0.0,-0.46244242787361145,-0.7038527131080627,0.25019320845603943
30,speed,1.0,0.7220747470855713,ang,0.0,-0.6585687398910522,-0.6308320760726929,0.18500496447086334
30,speed,1.0,0.6502935290336609,ang,0.0,1.310490369796753,-0.5830094218254089,0.39193159341812134
30,speed,1.0,0.5510484576225281,ang,0.0,0.39567142724990845,1.5678147077560425,0.18721191585063934
30,speed,1.0,0.4914674460887909,ang,0.0,-0.03919472172856331,0.409834086894989,-0.0691632404923439
30,speed,1.0,0.394059956073761,ang,0.0,-1.318605661392212,-0.17444279789924622,0.18928542733192444
30,speed,1.0,0.3089909255504608,ang,0.0,-1.0076662302017212,-1.135711669921875,-0.016176924109458923
30,speed,1.0,0.22008603811264038,ang,0.0,1.1543827056884766,-1.4970650672912598,-0.2846190333366394
30,speed,1.0,0.171533465385437,ang,0.0,-0.1915905922651291,-0.7118420004844666,-0.7961785793304443
30,speed,1.0,0.1588056981563568,ang,0.0,-0.8048173189163208,-0.5923961400985718,-0.9265989065170288
30,speed,1.0,0.17857074737548828,ang,0.0,-0.7401356101036072,-0.7799195647239685,-0.9020301699638367
30,speed,1.0,0.17445601522922516,ang,0.0,-2.5849218368530273,0.1310233175754547,-0.4509695768356323
30,speed,1.0,0.15954430401325226,ang,0.0,-0.5957946181297302,-0.07813023030757904,-0.2882624864578247
30,speed,1.0,0.16320522129535675,ang,0.0,-0.27703535556793213,-0.3261835277080536,-0.2003808617591858
30,speed,1.0,0.17946696281433105,ang,0.0,0.8700297474861145,0.24100151658058167,-0.2925637662410736
30,speed,1.0,0.20990890264511108,ang,0.0,0.928111732006073,1.0725518465042114,-0.2559002935886383
30,speed,1.0,0.24628859758377075,ang,0.0,0.30002468824386597,1.9651068449020386,-0.07268944382667542
30,speed,1.0,0.2221241444349289,ang,0.0,-0.11501854658126831,2.022371292114258,0.07024666666984558
30,speed,1.0,0.18507710099220276,ang,0.0,0.9991957545280457,1.374285340309143,-0.18309716880321503
30,speed,1.0,0.22235266864299774,ang,0.0,0.03517831861972809,0.7219043970108032,-0.25387173891067505
30,speed,1.0,0.24993084371089935,ang,0.0,-0.9262799620628357,1.1143739223480225,-0.15821239352226257
30,speed,1.0,0.2760743498802185,ang,0.0,-0.10449253022670746,0.83975750207901,-0.2246130406856537
30,speed,1.0,0.2922667860984802,ang,0.0,0.0902787297964096,-0.5958739519119263,-0.1439676284790039
30,speed,1.0,0.24628904461860657,ang,0.0,1.4055358171463013,-1.318641185760498,-0.210399329662323
30,speed,1.0,0.22068485617637634,ang,0.0,2.1913156509399414,-1.9933979511260986,0.07660728693008423
30,speed,1.0,0.29327842593193054,ang,0.0,-1.3500748872756958,0.08279133588075638,-0.831364631652832
30,speed,1.0,0.3350636959075928,ang,0.0,-1.4049010276794434,0.22274194657802582,-0.28557196259498596
30,speed,1.0,0.36616382002830505,ang,0.0,-1.3823156356811523,-0.7636333703994751,-0.08521540462970734
30,speed,1.0,0.46397459506988525,ang,0.0,-0.19302506744861603,-0.9203724265098572,0.028640426695346832
30,speed,1.0,0.5405766367912292,ang,0.0,-0.030256234109401703,-0.08906951546669006,0.228439599275589
30,speed,1.0,0.4808867573738098,ang,0.0,0.42734405398368835,0.636104166507721,0.3956500291824341
30,speed,1.0,0.29408782720565796,ang,0.0,-0.39282381534576416,0.4333283305168152,0.20827679336071014
30,speed,1.0,0.23039738833904266,ang,0.0,-0.9251576066017151,-1.141068696975708,-0.015438035130500793
30,speed,1.0,0.20214751362800598,ang,0.0,0.5559036731719971,0.029931798577308655,-0.14597833156585693
30,speed,1.0,0.1785997897386551,ang,0.0,0.09428460896015167,-0.5379145741462708,-0.3980720043182373
30,speed,1.0,0.1379735767841339,ang,0.0,0.8640561103820801,0.05660911649465561,-0.5069997310638428
30,speed,1.0,0.14647963643074036,ang,0.0,-0.7259960770606995,-0.4020198881626129,-0.247127503156662
30,speed,1.0,0.18132592737674713,ang,0.0,-0.2921433448791504,-0.8869856595993042,-0.2948019802570343
30,speed,1.0,0.22801773250102997,ang,0.0,0.1346299946308136,-0.8451444506645203,-0.2919684648513794
30,speed,1.0,0.2627657949924469,ang,0.0,0.2952299118041992,-0.6091177463531494,-0.12418344616889954
30,speed,1.0,0.27350711822509766,ang,0.0,-0.3882163166999817,-0.4127013087272644,-0.10317812860012054
30,speed,1.0,0.28961554169654846,ang,0.0,0.6898764371871948,0.12330920249223709,-0.07219032943248749
30,speed,1.0,0.34688109159469604,ang,0.0,1.0402956008911133,1.193421483039856,-0.056369081139564514
30,speed,1.0,0.4134928286075592,ang,0.0,0.8892637491226196,1.8687280416488647,0.16957002878189087
30,speed,1.0,0.37939149141311646,ang,0.0,0.1343425065279007,1.8760467767715454,0.15853628516197205
30,speed,1.0,0.39135050773620605,ang,0.0,0.9506210088729858,0.7554646730422974,-0.22571781277656555
30,speed,1.0,0.43395400047302246,ang,0.0,-1.6931567192077637,-0.06875267624855042,-0.2417984902858734
30,speed,1.0,0.4694918096065521,ang,0.0,-2.0023081302642822,0.047651343047618866,-0.26420629024505615
30,speed,1.0,0.44929397106170654,ang,0.0,-0.9346509575843811,0.3588252663612366,-0.29382792115211487
30,speed,1.0,0.3845229744911194,ang,0.0,0.7309789061546326,0.21089422702789307,-0.20916928350925446
30,speed,1.0,0.3128681778907776,ang,0.0,1.6330921649932861,-0.3457455039024353,0.021291077136993408
30,speed,1.0,0.3175113797187805,ang,0.0,2.3478169441223145,-1.6727911233901978,0.6878339052200317
30,speed,1.0,0.27726951241493225,ang,0.0,0.9660798907279968,-1.970306634902954,0.8507620692253113
30,speed,1.0,0.24145819246768951,ang,0.0,-1.5569028854370117,-0.009453348815441132,0.1476828157901764
30,speed,1.0,0.27093416452407837,ang,0.0,-1.1658307313919067,-0.4120423197746277,-0.17143328487873077
30,speed,1.0,0.3726494014263153,ang,0.0,3.1809396743774414,1.3019185066223145,-0.4333208203315735
30,speed,1.0,0.45490384101867676,ang,0.0,0.4096677303314209,2.707167148590088,-0.09143370389938354
30,speed,1.0,0.3905615508556366,ang,0.0,-0.5682201385498047,2.6211905479431152,-0.25350284576416016
30,speed,1.0,0.38208287954330444,ang,0.0,-0.28052496910095215,1.0747807025909424,-0.25131741166114807
30,speed,1.0,0.4325500726699829,ang,0.0,-2.070457696914673,0.024431075900793076,-0.26776349544525146
30,speed,1.0,0.47061824798583984,ang,0.0,-1.2689687013626099,-0.2538684010505676,-0.4366755187511444
30,speed,1.0,0.4893360435962677,ang,0.0,-1.2665046453475952,-2.0059213638305664,-0.39201605319976807
30,speed,1.0,0.3978249132633209,ang,0.0,1.239827036857605,-2.776219606399536,0.09212997555732727
30,speed,1.0,0.3137686848640442,ang,0.0,1.5124452114105225,-2.7684106826782227,0.4052949547767639
30,speed,1.0,0.3069309890270233,ang,0.0,-0.989159107208252,-0.48210012912750244,-1.0070692300796509
30,speed,1.0,0.35368114709854126,ang,0.0,-1.579178810119629,-0.14025381207466125,-1.2450532913208008
30,speed,1.0,0.36713629961013794,ang,0.0,0.596705436706543,-0.10575374960899353,-0.20099231600761414
30,speed,1.0,0.3724025785923004,ang,0.0,0.9248880743980408,0.3432771861553192,0.09477589279413223
30,speed,1.0,0.400529146194458,ang,0.0,1.955971121788025,0.8498736619949341,-0.1764070838689804
30,speed,1.0,0.46294736862182617,ang,0.0,1.405238151550293,1.932400107383728,-0.08229482173919678
30,speed,1.0,0.5072677135467529,ang,0.0,0.7513627409934998,2.4866652488708496,0.22511611878871918
30,speed,1.0,0.48948997259140015,ang,0.0,-0.4890317916870117,1.9933503866195679,-0.05301658809185028
30,speed,1.0,0.5267289876937866,ang,0.0,-1.1373095512390137,0.3257429301738739,-0.07688126713037491
30,speed,1.0,0.5675376057624817,ang,0.0,-1.215531349182129,-0.7219917178153992,-0.3732263147830963
30,speed,1.0,0.5828427076339722,ang,0.0,-1.1562117338180542,-2.239206314086914,-0.2818801701068878
30,speed,1.0,0.5207146406173706,ang,0.0,0.9855800271034241,-2.3962202072143555,0.14277663826942444
30,speed,1.0,0.4600667953491211,ang,0.0,0.5942085385322571,-1.6982142925262451,-0.21858730912208557
30,speed,1.0,0.4658219516277313,ang,0.0,-0.9805370569229126,-0.7118885517120361,-1.098284363746643
30,speed,1.0,0.5099698901176453,ang,0.0,-0.3346307873725891,-0.5020314455032349,-1.2791273593902588
30,speed,1.0,0.5532734394073486,ang,0.0,-0.9240662455558777,-0.393774151802063,-1.0697686672210693
30,speed,1.0,0.5510972142219543,ang,0.0,0.690785825252533,-0.10259439051151276,-0.09983156621456146
30,speed,1.0,0.5724631547927856,ang,0.0,-0.342777818441391,0.12623465061187744,0.098808653652668
30,speed,1.0,0.5822969675064087,ang,0.0,1.456824541091919,0.4704279899597168,0.401989221572876
30,speed,1.0,0.6323426365852356,ang,0.0,1.4190616607666016,1.6139897108078003,0.2468470335006714
30,speed,1.0,0.596665620803833,ang,0.0,0.27501407265663147,2.0237512588500977,-0.04900991916656494
30,speed,1.0,0.5648926496505737,ang,0.0,0.6943793296813965,1.7853279113769531,-0.09768198430538177
30,speed,1.0,0.5516685843467712,ang,0.0,-1.4670330286026,-0.0703289806842804,-0.16704107820987701
30,speed,1.0,0.5471917390823364,ang,0.0,-1.1889526844024658,-0.8099499344825745,-0.27285435795783997
30,speed,1.0,0.5206518173217773,ang,0.0,0.4230358898639679,-1.549633264541626,-0.11102272570133209
30,speed,1.0,0.4802064299583435,ang,0.0,0.6784582138061523,-2.0367679595947266,0.22907888889312744
30,speed,1.0,0.4736633002758026,ang,0.0,0.04599902033805847,-0.5946148037910461,-1.238420009613037
30,speed,1.0,0.514207124710083,ang,0.0,0.03010198473930359,-0.5091025233268738,-1.652475357055664
30,speed,1.0,0.5687735676765442,ang,0.0,-0.4311719834804535,-0.9267601370811462,-1.6210591793060303
30,speed,1.0,0.6233058571815491,ang,0.0,-0.5509004592895508,-0.17259448766708374,-1.330838680267334
30,speed,1.0,0.6353816986083984,ang,0.0,0.7399600744247437,0.9098038673400879,-0.327982634305954
30,speed,1.0,0.6671494245529175,ang,0.0,1.3504289388656616,0.9994753003120422,0.5457592606544495
30,speed,1.0,0.7333500981330872,ang,0.0,1.6096144914627075,1.745560884475708,0.0606662891805172
30,speed,1.0,0.7717509269714355,ang,0.0,1.9229549169540405,2.333542823791504,0.41421931982040405
30,speed,1.0,0.7737364768981934,ang,0.0,-1.5481016635894775,1.7545967102050781,0.29524824023246765
30,speed,1.0,0.7584148049354553,ang,0.0,-0.8328299522399902,0.6599348187446594,0.5530647039413452
30,speed,1.0,0.6938480138778687,ang,0.0,-2.2736923694610596,-0.9570061564445496,0.22307607531547546
30,speed,1.0,0.6438254714012146,ang,0.0,-1.716123104095459,-1.586742639541626,0.167267307639122
30,speed,1.0,0.5930863618850708,ang,0.0,0.42504432797431946,-2.4429409503936768,0.9074188470840454
30,speed,1.0,0.5261240601539612,ang,0.0,-1.1644864082336426,-1.506890058517456,-0.7160539031028748
30,speed,1.0,0.5483618378639221,ang,0.0,-1.031490445137024,-0.9497932195663452,-1.159658670425415
30,speed,1.0,0.574860692024231,ang,0.0,-0.5014290809631348,-0.5515066385269165,-1.3476932048797607
30,speed,1.0,0.6217637062072754,ang,0.0,-1.524005651473999,-0.054529860615730286,-1.08577299118042
30,speed,1.0,0.6171807050704956,ang,0.0,-0.19452230632305145,-0.2150202989578247,-0.23218968510627747
30,speed,1.0,0.6301755905151367,ang,0.0,2.8379783630371094,-0.6294188499450684,0.6305155158042908
30,speed,1.0,0.6736240386962891,ang,0.0,1.6645100116729736,0.5577183961868286,0.2315681129693985
30,speed,1.0,0.6958947777748108,ang,0.0,1.101219892501831,1.742103099822998,0.049731940031051636
30,speed,1.0,0.6915401220321655,ang,0.0,-0.8316119909286499,1.3156369924545288,-0.1911824345588684
30,speed,1.0,0.6554653644561768,ang,0.0,-0.6690374612808228,0.7487269639968872,-0.2322901487350464
30,speed,1.0,0.6078768372535706,ang,0.0,-1.5665487051010132,-0.26737070083618164,-0.026877395808696747
30,speed,1.0,0.5854390263557434,ang,0.0,-0.5431042313575745,-0.9886881709098816,-0.01751849055290222
30,speed,1.0,0.5741649270057678,ang,0.0,0.931833028793335,-2.2694344520568848,0.17381775379180908
30,speed,1.0,0.5686372518539429,ang,0.0,-0.7791643142700195,-1.1979196071624756,-1.278778314590454
30,speed,1.0,0.5999970436096191,ang,0.0,-0.8598353862762451,-0.8439857363700867,-1.6044905185699463
30,speed,1.0,0.6289125084877014,ang,0.0,-1.3783267736434937,-0.49394863843917847,-1.6190717220306396
30,speed,1.0,0.6471158266067505,ang,0.0,0.37635913491249084,-0.2116987705230713,-0.4872242212295532
30,speed,1.0,0.6668568253517151,ang,0.0,-0.681005597114563,-0.3707696795463562,-0.07496313750743866
30,speed,1.0,0.7288475632667542,ang,0.0,-1.01002836227417,-0.4407047629356384,-0.11446326971054077
30,speed,1.0,0.7924403548240662,ang,0.0,-0.48707327246665955,-0.3835405111312866,-0.10177624225616455
30,speed,1.0,0.7596632242202759,ang,0.0,0.002994309179484844,-0.24823372066020966,-0.027378346771001816
30,speed,1.0,0.6555210947990417,ang,0.0,-1.5731796026229858,0.06968306005001068,-0.18621598184108734
30,speed,1.0,0.5886215567588806,ang,0.0,-0.8741283416748047,0.1677417904138565,-0.2401653528213501
30,speed,1.0,0.5597816109657288,ang,0.0,-1.068534016609192,-1.1204921007156372,0.10677306354045868
30,speed,1.0,0.5481719970703125,ang,0.0,0.15027229487895966,-0.42405784130096436,-0.5855651497840881
30,speed,1.0,0.577985405921936,ang,0.0,0.23471440374851227,-0.43114835023880005,-0.6285414099693298
30,speed,1.0,0.5968005061149597,ang,0.0,0.5957862734794617,-0.31359976530075073,-0.445712685585022
30,speed,1.0,0.613675594329834,ang,0.0,1.1340922117233276,-0.05464719235897064,-0.5136648416519165
30,speed,1.0,0.6375153064727783,ang,0.0,1.0854724645614624,0.23804707825183868,-0.7066585421562195
30,speed,1.0,0.673989474773407,ang,0.0,0.4694156348705292,0.25076723098754883,-0.7842762470245361
30,speed,1.0,0.687936007976532,ang,0.0,-0.5644671320915222,0.21209192276000977,-0.45218753814697266
30,speed,1.0,0.713664710521698,ang,0.0,-0.8129134178161621,0.04488763585686684,-0.31679099798202515
30,speed,1.0,0.7227478623390198,ang,0.0,1.7110838890075684,-0.043966058641672134,0.18254338204860687
30,speed,1.0,0.792626678943634,ang,0.0,-0.7851309776306152,-0.22546647489070892,0.11470721662044525
30,speed,1.0,0.895808219909668,ang,0.0,0.5752516984939575,0.3733122646808624,0.12233640253543854
30,speed,1.0,0.8647007942199707,ang,0.0,0.7198380827903748,0.7916346788406372,-0.05234949290752411
30,speed,1.0,0.8139845132827759,ang,0.0,0.8096257448196411,1.1753634214401245,-0.1911344826221466
30,speed,1.0,0.8360323309898376,ang,0.0,-0.04071071743965149,0.5770868062973022,0.05669596791267395
30,speed,1.0,0.7757769227027893,ang,0.0,0.2653108537197113,0.4394679665565491,0.1280338317155838
30,speed,1.0,0.705215334892273,ang,0.0,0.3742876946926117,-0.6250163912773132,0.17037054896354675
30,speed,1.0,0.6838347315788269,ang,0.0,1.5084433555603027,-1.7945361137390137,0.44636207818984985
30,speed,1.0,0.6196275949478149,ang,0.0,0.09294503182172775,-1.9188179969787598,0.13868027925491333
30,speed,1.0,0.5480408072471619,ang,0.0,0.9018779397010803,0.28518104553222656,-1.5194530487060547
30,speed,1.0,0.5572118759155273,ang,0.0,-1.2083839178085327,0.5421110987663269,-1.959384799003601
30,speed,1.0,0.5762110948562622,ang,0.0,2.3439581394195557,1.2897930145263672,-1.3102961778640747
30,speed,1.0,0.617055356502533,ang,0.0,-0.3347938656806946,0.45749080181121826,-0.49643975496292114
30,speed,1.0,0.7052282094955444,ang,0.0,-1.6667531728744507,0.047767430543899536,-0.11741906404495239
30,speed,1.0,0.7433985471725464,ang,0.0,0.054584063589572906,0.7856874465942383,-0.8216633796691895
30,speed,1.0,0.6938347220420837,ang,0.0,-2.8842105865478516,1.3557425737380981,-0.6762866973876953
30,speed,1.0,0.7015081644058228,ang,0.0,-1.725200891494751,2.331254720687866,-0.9585349559783936
30,speed,1.0,0.7447710633277893,ang,0.0,0.14118750393390656,2.3867859840393066,-1.0007286071777344
30,speed,1.0,0.7501908540725708,ang,0.0,1.3332363367080688,2.8771445751190186,-1.1892383098602295
30,speed,1.0,0.7636193633079529,ang,0.0,-0.8821749091148376,0.6009961366653442,-0.9648329019546509
30,speed,1.0,0.7928971648216248,ang,0.0,-1.1130199432373047,-1.2925820350646973,-0.6194009184837341
30,speed,1.0,0.7757494449615479,ang,0.0,-1.3192002773284912,-1.4675370454788208,-0.8514823913574219
30,speed,1.0,0.7715935111045837,ang,0.0,-1.1785610914230347,-0.8872284889221191,-1.3541843891143799
30,speed,1.0,0.7802366614341736,ang,0.0,2.617454767227173,-1.1296803951263428,-1.2919285297393799
30,speed,1.0,-0.8213033080101013,ang,0.0,2.2445321083068848,-0.3279638886451721,-1.3362538814544678
30,speed,1.0,-0.6998844742774963,ang,0.0,-0.03554612398147583,-0.23323369026184082,-0.5298336148262024
30,speed,1.0,-0.6307888627052307,ang,0.0,-1.0114332437515259,-0.39508816599845886,-0.056809358298778534
30,speed,1.0,-0.6328931450843811,ang,0.0,-0.1732839047908783,-0.31496772170066833,0.037324510514736176
30,speed,1.0,-0.6360982656478882,ang,0.0,-1.7377839088439941,0.006840594112873077,-0.03411564230918884
30,speed,1.0,-0.5341896414756775,ang,0.0,-1.3287733793258667,0.9051360487937927,-0.4007512331008911
30,speed,1.0,-0.41633594036102295,ang,0.0,1.4163297414779663,1.3173342943191528,-0.4622136950492859
30,speed,1.0,-0.3227856755256653,ang,0.0,0.3317796587944031,1.2863051891326904,-0.860747754573822
30,speed,1.0,-0.19973738491535187,ang,0.0,3.5350074768066406,1.4052658081054688,-0.8778908848762512
30,speed,1.0,-0.09694019705057144,ang,0.0,1.7701762914657593,0.38887977600097656,-0.6610127687454224
30,speed,1.0,-0.027933236211538315,ang,0.0,0.933170735836029,-0.3647931218147278,-0.45215746760368347
30,speed,1.0,-0.0016296468675136566,ang,0.0,1.6428532600402832,-0.8651390075683594,-0.3957018256187439
30,speed,1.0,0.004269726574420929,ang,0.0,5.47830057144165,-0.49449849128723145,-0.03636670112609863
30,speed,1.0,0.02628382295370102,ang,0.0,8.160300254821777,-0.5367881059646606,0.28134894371032715
30,speed,1.0,0.06276318430900574,ang,0.0,6.233205795288086,0.45473551750183105,0.404052734375
30,speed,1.0,0.008479423820972443,ang,0.0,7.204889297485352,1.2612030506134033,0.014946937561035156
30,speed,1.0,0.051971644163131714,ang,0.0,4.277278900146484,0.3211784362792969,-0.03337407112121582
30,speed,1.0,0.1426999717950821,ang,0.0,4.355459213256836,-0.6213924884796143,-0.5509054660797119
30,speed,0.0,0.2258845865726471,ang,0.0,6.148096084594727,-0.5062727928161621,-0.8496315479278564
30,speed,0.0,-0.9815590381622314,ang,0.0,4.307953834533691,0.4289158582687378,4.930500030517578
30,speed,0.0,-0.2138708233833313,ang,0.0,-1.27817964553833,1.2227981090545654,2.645048141479492
30,speed,0.0,-0.24475759267807007,ang,0.0,2.453568935394287,2.2095446586608887,2.7561864852905273
30,speed,0.0,-0.2893357574939728,ang,0.0,3.431502103805542,2.438549280166626,2.0601470470428467
30,speed,0.0,-0.36155784130096436,ang,0.0,3.453714609146118,1.9720325469970703,1.4843558073043823
30,speed,0.0,-0.4271027147769928,ang,0.0,3.385798454284668,1.9000704288482666,1.501660704612732
30,speed,0.0,-0.23075279593467712,ang,0.0,2.381587028503418,0.9203864336013794,1.0844957828521729
30,speed,0.0,-0.19117572903633118,ang,0.0,2.771867275238037,0.7035313844680786,0.8863693475723267
30,speed,0.0,-0.14528173208236694,ang,0.0,2.3092970848083496,0.6525431871414185,0.6350932121276855
30,speed,0.0,-0.10174243152141571,ang,0.0,2.1177401542663574,0.36090123653411865,0.42987170815467834
30,speed,0.0,-0.08557060360908508,ang,0.0,2.4990742206573486,0.016856074333190918,0.2575018107891083
30,speed,0.0,-0.012192130088806152,ang,0.0,2.33500337600708,-0.17709708213806152,0.08756038546562195
30,speed,0.0,0.018176406621932983,ang,0.0,2.0374162197113037,-0.36177587509155273,0.03640037775039673
30,speed,0.0,0.03859555721282959,ang,0.0,2.253048896789551,-0.5567389726638794,-0.053156301379203796
30,speed,0.0,0.08711981773376465,ang,0.0,2.2196731567382812,-0.9287270307540894,-0.07245127856731415
30,speed,0.0,0.11788243800401688,ang,0.0,2.8633005619049072,-1.3157353401184082,-0.0752347856760025
30,speed,0.0,0.14242565631866455,ang,0.0,2.6592442989349365,-1.568256139755249,-0.12025410681962967
30,speed,0.0,0.17016127705574036,ang,0.0,2.9558801651000977,-1.9333367347717285,-0.11124677956104279
30,speed,0.0,0.19331428408622742,ang,0.0,3.3214879035949707,-2.252161979675293,-0.09372147172689438
30,speed,0.0,0.21202608942985535,ang,0.0,3.6429169178009033,-2.6038997173309326,-0.024787478148937225
30,speed,0.0,0.23875826597213745,ang,0.0,4.001400947570801,-3.0173652172088623,0.11368542909622192
30,speed,0.0,0.30918067693710327,ang,0.0,4.312900543212891,-3.310533046722412,0.28510549664497375
30,speed,0.0,0.0005827844142913818,ang,0.0,-0.12754447758197784,-0.017117515206336975,-0.01724160835146904
30,speed,0.0,0.0008762679062783718,ang,0.0,-0.04452080279588699,-0.009187150746583939,5.408743163570762e-05
30,speed,0.0,0.0005165983457118273,ang,0.0,-0.03276120871305466,-0.008490176871418953,-0.0005046864971518517
30,speed,0.0,-0.000893779972102493,ang,0.0,-0.009805187582969666,0.0016808342188596725,-0.0009819029364734888
30,speed,0.0,-0.0007073046872392297,ang,0.0,0.013990438543260098,-0.001136687584221363,0.011424988508224487
30,speed,0.0,0.0010278787231072783,ang,0.0,0.016930777579545975,-0.009067853912711143,0.008066822774708271
30,speed,0.0,0.0011210107477381825,ang,0.0,0.005270390771329403,-0.011560560204088688,0.010427293367683887
30,speed,0.0,-0.0007289378554560244,ang,0.0,0.013728193007409573,0.007177139166742563,-0.003529901383444667
30,speed,0.0,0.0011954703368246555,ang,0.0,0.011263905093073845,-0.007291137240827084,0.009231717325747013
30,speed,0.0,-0.0005586434854194522,ang,0.0,0.000866161659359932,0.005652047693729401,-0.003888971172273159
30,speed,0.0,0.000728064333088696,ang,0.0,-0.016397541388869286,-0.006699454039335251,0.0060101221315562725
30,speed,0.0,-0.0003134559956379235,ang,0.0,-0.004884427413344383,0.0035641659051179886,-0.003401673398911953
30,speed,0.0,0.0005480292020365596,ang,0.0,0.005591690540313721,-0.008085067383944988,0.008404918015003204
30,speed,0.0,0.0011289631947875023,ang,0.0,-0.015723252668976784,-0.012440045364201069,0.00888849701732397
30,speed,0.0,0.0005684631760232151,ang,0.0,-0.0034446697682142258,-0.0074131847359240055,0.007355441804975271
30,speed,0.0,0.0009874490788206458,ang,0.0,-0.01427963376045227,-0.009715965948998928,0.009064115583896637
30,speed,0.0,0.00012359289394225925,ang,0.0,-0.002667236141860485,-0.0013120357180014253,0.0031769101042300463
30,speed,0.0,0.00047451042337343097,ang,0.0,-0.001395907485857606,-0.004943926353007555,0.005229494534432888
30,speed,0.0,0.001376149128191173,ang,0.0,0.0004658508114516735,-0.00746555021032691,-0.003536032047122717
30,speed,0.0,0.001060054055415094,ang,0.0,-0.01334485411643982,-0.00895148515701294,0.004955780692398548
30,speed,0.0,0.0012860354036092758,ang,0.0,0.021213259547948837,-0.010624131187796593,0.009571915492415428
30,speed,0.0,1.6888778191059828e-05,ang,0.0,0.006509535480290651,-0.00012517813593149185,0.0024400523398071527
30,speed,0.0,0.0004428955144248903,ang,0.0,0.0048356144689023495,-0.006482128985226154,0.008377877995371819
30,speed,0.0,-0.0004641041159629822,ang,0.0,-0.013618530705571175,0.0017698900774121284,-0.0008095762459561229
30,speed,0.0,0.0013587209396064281,ang,0.0,0.01004861481487751,-0.0057455189526081085,-0.00011996347893727943
30,speed,0.0,-0.00026181049179285765,ang,0.0,-0.01909206248819828,0.0004391893744468689,-0.0006834564846940339
30,speed,0.0,0.0005450395401567221,ang,0.0,-0.006996422074735165,-0.005212713964283466,0.006901387125253677
30,speed,0.0,0.001207435387186706,ang,0.0,0.007411170285195112,-0.007413910701870918,0.005055722780525684
30,speed,0.0,0.0018436639802530408,ang,0.0,-0.004894794896245003,-0.004704171791672707,0.0011719207977876067
30,speed,0.0,0.0009955659043043852,ang,0.0,-0.002000502310693264,-0.012308484874665737,0.011444342322647572
30,speed,0.0,-0.00016024935757741332,ang,0.0,0.0018969032680615783,-0.0019023813074454665,-0.013592050410807133
30,speed,0.0,0.0005470893811434507,ang,0.0,-0.000736599788069725,-0.00696593476459384,0.007663141004741192
30,speed,0.0,-0.001119739725254476,ang,0.0,-0.00247136689722538,0.014584495685994625,-0.00932209100574255
30,speed,0.0,0.0012212983565405011,ang,0.0,0.001975181046873331,-0.006598994601517916,-0.0047180843539536
30,speed,0.0,0.0012634131126105785,ang,0.0,0.013197366148233414,-0.005620981566607952,-0.0005621550371870399
30,speed,0.0,0.0003957128501497209,ang,0.0,0.00391143886372447,-0.001883205259218812,0.0014526169979944825
30,speed,0.0,-5.4308678954839706e-05,ang,0.0,-0.004218136891722679,-0.00018374109640717506,-0.002149097854271531
30,speed,0.0,0.0007668856997042894,ang,0.0,-0.007876003161072731,-0.006211075000464916,0.004644282162189484
30,speed,0.0,-0.0004812190309166908,ang,0.0,0.0022494380827993155,0.0018164021894335747,0.0012186929816380143
30,speed,0.0,0.0002824035473167896,ang,0.0,-0.00969304796308279,-0.003537731245160103,0.0036396230570971966
30,speed,0.0,0.001031237654387951,ang,0.0,-0.017342139035463333,-0.010194283910095692,0.00894360151141882
30,speed,0.0,0.000835986458696425,ang,0.0,0.0028612539172172546,-0.007832599803805351,0.007777409162372351
30,speed,0.0,-0.0006192761939018965,ang,0.0,0.005417788401246071,0.007061968557536602,-0.0029318640008568764
30,speed,0.0,0.0009641034994274378,ang,0.0,-0.00032049231231212616,-0.011469002813100815,0.011344337835907936
30,speed,0.0,-0.00013274152297526598,ang,0.0,-0.019830984994769096,0.0018032919615507126,-0.00294348387978971
30,speed,0.0,6.236345507204533e-05,ang,0.0,-0.0026490329764783382,-0.0012035990366712213,0.003853324567899108
30,speed,0.0,0.0005767717957496643,ang,0.0,-0.008862731978297234,-0.006678968667984009,0.006155143026262522
30,speed,0.0,0.0005551015492528677,ang,0.0,-0.010509471409022808,-0.00685449643060565,0.00585213303565979
30,speed,0.0,0.0004551294259727001,ang,0.0,-0.0029717879369854927,-0.004609757103025913,0.004880615510046482
